lexeme	frequency
wa·	274
wik	139
waː	134
qʷaː	131
ʔaḥʔaː	106
ʔaḥ	105
quːʔas	81
čuː	72
qʷayac̓iːk	63
qʷis	60
hiɬ	56
ʔin	52
ʔan	48
ʔu-ca	48
y̓uːqʷaː	42
č̓apac	37
ʔaya	35
ḥaw̓iɬ	35
muwač-m̓i·t	34
huḥtak	32
n̓aːcsa	32
qaḥ	32
qawiqaːɬ	31
huːʔak	29
ʕiniːƛ	29
ʔuyi	28
yaq	28
ʔuḥ	28
ʔu-na·k	28
haʔuk	28
qiː	27
huʔa-ca	26
ʔuːš-yuːya	26
wik̓iːt	25
ḥuː	25
ɬuːcma	25
ḥaːkʷa·ƛ	24
wawaː	23
ḥaː	23
hiɬ-ʼatḥ	23
kamatq	23
sukʷi(ƛ)	22
yaqʷ-(č)iɬ	21
ḥaːɬ	21
hupaɬ	21
ʔu-kɬa·	21
naʔaː	21
his-taq	20
ƛaʔuː	20
wiːy̓a	20
ʔinkʷ	20
waɬ	19
ʔuːš	19
ʔu-n̓a·ḥ	19
ʕaːnis-m̓i·t	19
ʔiːqḥ	19
ḥaːw̓iɬaƛ	19
č̓aːstimc-m̓i·t	19
nay̓iːk	18
ʔu-ḥʷʼaɬ	18
čakup	18
ʔana-iya	18
ʔumʔi·qsu	17
naʔa·	17
mač	17
ʔu-kʷiɬ	16
ḥaːḥuːp	16
yaqʷ	16
mamaɬn̓i	16
yaːc	16
ḥuːɬ	15
ciq	15
kuːkuḥʷʼisa	15
c̓aʔak	15
n̓aːcsiː	14
čačim	14
hawiɬ-čaq	14
c̓awaːk	14
ʔac-yu·	14
ƛiḥ	14
wim̓aːqƛ	13
ʔunw̓iːƛ	13
qʷiyu	13
t̓uḥc̓iti	13
ƛaḥ	13
ʔaqi-ʔišt	13
sut-(č)iɬ	13
qʷayac̓iːk-štaqumɬ	13
nunuːk	13
hapt	13
waʔič	13
ʔana	13
kʷis	13
ʔiːḥ	13
quʔušin-m̓i·t	13
qʷiq	12
his	12
maḥt̓iː	12
maːʔak	12
??	12
č̓aːstimc	12
ʔu-ʼi·c	12
t̓aps	12
tukuːk	12
muwač	11
ʕaːḥuːsʔatḥ	11
mamuːk	11
naq	11
suč̓as	11
hiɬ-yin	11
ʔaƛa	11
n̓up-či·ɬ	11
qʷaːƛaː	11
ʔu-ca-ḥta	11
čaːni	11
nism̓a	11
n̓uw̓i·qsu	11
m̓uksy̓i	11
nani·qsu	10
kaƛḥ	10
č̓apac-iːɬ	10
ƛiča·	10
dup-ʔu-ʼiːḥ	10
ʔaːḥʔasa	10
c̓iːq	10
hiʔiːs	10
ƛaʔuːkʷiʔatḥ	10
t̓an̓a	9
kʷis-ca	9
piḥ	9
hin-in	9
t̓aːtn̓a	9
haː	9
ʔunic	9
nuːk	9
ʔat	9
hiniːc	9
muː-či·ɬ	9
ʔu-qs	9
maːsuːɬ	9
his-i·k	9
saya-ʔiː	9
ḥaːw̓iːḥaƛ	8
č̓iːma	8
xaːšxiːp	8
sukʷiƛ	8
wik-sa	8
ʔaƛakʷaɬ	8
č̓aḥʷ	8
hiš	8
qum̓aː	8
ƛumk	8
ʔuyaː-siɬa	8
t̓apat	8
niːw̓a	8
haʔum	8
ƛawa	8
waɬaːk	8
hayim	8
ʔuʔumḥi	8
ƛ̓i	8
kukʷinksi	8
qʷayaːc̓ik-m̓i·t	8
nuːčyuː	8
kʷis-tu·p	8
ƛuːkʷaːna	8
ʔana-siɬa	7
hihiq-tu·p	7
ƛ̓up	7
huʔa-aːs	7
mat	7
ʕiḥ	7
ḥumiːs	7
ƛuɬ	7
ʔu-(w)a(ƛ)	7
muːɬ	7
ʔu-ktis	7
muː	7
ʔac	7
yaːɬ	7
ḥamip	7
ʔu-ḥta·	7
ƛawa-ʔiː	7
n̓aš	7
ʔu-qḥɬi	7
ciq-y̓akʷ	7
ʔu-y̓i·ḥa	7
ƛ̓aːq	7
n̓aːs	7
hin-iːʔas	7
ʔiːḥʷ	7
siːk	7
wič-siɬa	7
minwaːʔath	7
qʷisḥ	7
muːḥinƛ-as	7
čapxʷ-cuw̓at	7
ʕam̓iːt	7
waːsniːp-m̓i·t	7
ʕat̓uː-m̓i·t	7
ʔiq	6
čaʔaːɬ-či·	6
maː	6
—	6
ma-maɬ-n̓i·	6
ʔaḥku·	6
wik-cuk	6
čamiḥta	6
hin-aɬa	6
čukʷaː	6
nas	6
kuw̓iɬa	6
ḥaʔu	6
ʔi·ḥʷ	6
yac-panač	6
sa-štu·p	6
hiniːp	6
m̓uč̓ič	6
hiːtkin	6
k̓acḥaq	6
n̓up-qʔičḥ	6
muː-qʔičḥ	6
hin-as	6
maːmaːti	6
huːɬ	6
wiːnap	6
hiɬ-ʼa·ʔa	6
muː-p̓it-ʕaƛ	6
nuč-a·n̓uɬ	6
ʕimti·	6
suːḥaː	6
ʔiʔišpaːɬ	6
kʷis-siɬa	6
hiːɬ	6
hin-a·či(ƛ)	6
k̓ʷak̓ʷaƛ	6
hita-ʽsa(ƛ)	6
k̓ʷač	6
ƛ̓ay̓ix	6
ʔink	6
ʔu-cpa·	6
ḥaːkʷaːƛ	6
ʔu-ksnaʕaːɬ	5
ʔu-taq	5
ʔu-sa·ḥi	5
kamatqʷ	5
ʔaːni	5
ʔaʔum	5
ɬuːcsaːmiːḥ	5
ʔunaḥ	5
qiː-sasa	5
qacc̓a	5
ʔaːʔaːʔiša	5
hiš-caqs	5
numaːk	5
hin-ʔaɬ	5
ƛ̓aq	5
ʔiːč̓um	5
ʔi·ḥʷ-camis	5
ʼatḥ	5
tiːč	5
qʷi-ʼi·c	5
su	5
t̓iqʷ-ʽiɬ	5
ʔu-(y)i·	5
watq	5
maʔas	5
naʔi·qsu	5
maːtmaːs	5
tuxʷ-cpa·	5
hicnup	5
ɬač	5
ɬuč-na·k	5
saːpinq-as	5
ƛimk	5
ʔiːč̓im	5
qaːy̓uːk̓ʷatḥ	5
qaɬaːtik	5
ḥaw̓iːḥ	5
k̓aḥ-kʷa	5
pitiš	5
kuḥ	5
ʕimtiː	5
ƛaqmis	5
č̓u	5
ḥačw̓aḥs	5
ʕišiː	5
kʷis-ʼatḥ	5
kʷis-ʼa·tḥ	5
nay̓aqak	4
c̓us-ʼi·tap	4
hiːhiːq-šaḥap	4
ʔuḥʔiːš	4
maʔiƛqac	4
ʔu-kʷiːɬ	4
wik-stup	4
wik-ʕaƛ	4
č̓aʔak	4
ƛawa-uɬ	4
ʔuː	4
naːw̓aḥi	4
ʔuːš-su·qstu(ƛ)	4
hista-ʼi(ƛ)	4
ka	4
ʔiːḥ-s	4
č̓aḥ	4
suːt	4
ʔuna-ḥ	4
čamaqƛ	4
ƛuːɬ	4
ʔaƛ-či·ɬ	4
ʕac̓ik	4
tapʕaq	4
ʔaʔim	4
ʔutwiː	4
kʷama	4
ʕiːq	4
hist-ʼiƛ	4
ʔuxʷaːpi	4
quː-ʼa·	4
ʔu·q	4
ʔu-iːc	4
ƛ̓uč̓um-ckʷi·	4
ʔinkʷ-ʽiɬ	4
ʔatḥ	4
wa·-na·k	4
ʔučq-c̓u·	4
ƛuːɬ-ḥap	4
kuḥʷ-iqs	4
ʔučq	4
ƛatw̓a	4
ƛaḥ-aqsak	4
čims	4
haʔukʷ	4
yack	4
ḥan̓aḥ	4
č̓uš	4
tuːḥuk	4
ʔuːš-ckʷi·	4
č̓iːt	4
muː-p̓it	4
huʔa-in	4
wiːqsiː	4
hiš-umɬ	4
n̓amiɬ	4
hiːnip	4
ʔumč̓aːp	4
siːḥ-iɬ	4
yac	4
ʔiːnax-yu·	4
hinusa	4
sus	4
yaqʷ-iɬ	4
wa·ɬ-ʼaqstuƛ	4
wik-ḥsa·	4
nučiː	4
qʷis-ckʷi·	4
tup̓aɬ	4
ʔu-waƛ	4
ḥakum	4
c̓uʔičḥ	4
k̓ʷis	4
ʔunic-ḥn̓a·k	4
tuškuːḥ	4
hap-tu·p	4
ʔišc̓iːp-m̓i·t	4
ƛawaː	4
waːɬak	4
kʷis-q	4
qaːn̓im	4
č̓aɬč̓a	4
ɬim̓aqsti	4
ʕaḥmis	4
naniːqsu	4
kaʔup	4
wiːq-ḥap	4
ʔiːcʔiːqḥ	4
ʔam̓iː	4
t̓aps-ʼatu	4
saya·	4
y̓ak	4
wik-maɬ	4
ʔu-iːy̓ip	4
mixt	4
ʔana-ʼi·c	4
ƛ̓aqapt	4
kaːpap	4
kʷis-aqs	4
kuːčiɬ	4
muːstati	4
qʷi-ʔiː	4
huyuːɬ	4
ʕuy̓i	4
ʕaʔuk	4
hita-inq-ʽsa(ƛ)	4
sukʷi(ƛ)-ʼas	4
kumt-kʷa	4
čums	4
kaːʔa	4
w̓aqʔuː	4
hiḥ	4
c̓ax	4
hin-i·ʔatu	4
ḥačxʷinƛ	4
n̓uw̓i·q	4
ʔuːq	4
n̓a·n̓ič	4
waɬ-yaq-ʽiɬ	3
ƛiːs	3
ʔu-aqsti·	3
ʔaːna	3
naqmiːḥa	3
t̓eːn̓a	3
ʔuːm	3
ʕas	3
hita-ʼa·qƛ̓i(ƛ)	3
ʔuːsuqta	3
wik-yu·	3
hiːkʷaɬ	3
čim-ʼas	3
k̓aːkin	3
sipuːs	3
ḥaːʔak	3
qac-caqs	3
ʔuːš-cuk	3
c̓aːḥ	3
wik-ʼaḥs	3
n̓uw̓iːqsu	3
ʔuːna	3
ʔuxʷ-ʼas	3
ʔu-ḥtin	3
ʔinštis	3
yaxʷ	3
yačaː	3
ʕa·siq-na·k	3
šiːƛuk	3
ʔuqɬaːp	3
ʔaːnaḥi	3
kʷi	3
n̓iƛkʷaq	3
t̓apatḥsi	3
ʔu-ʼa·ɬuk	3
č̓an̓iː	3
wik-ʔaɬ	3
ʔaqaq	3
ʔana-ʼis-iny̓u	3
sukʷink	3
kʷiːsḥin	3
ʔu-y̓inƛ	3
qʷaː-ƛa·	3
siːčpaːx	3
čičiči	3
wiːna	3
ʔuːšc̓aɬ	3
č̓iḥ	3
ʔum̓aːck	3
yaqʷ-ac	3
čimʔiɬ	3
ʔaƛ-qʔičḥ	3
yaqʷ-wi·	3
m̓a	3
qiː-ḥsn̓a·k	3
hat̓iːs	3
ƛ̓aḥ	3
ʔumʔi	3
tukʷaq	3
t̓aːqaːk	3
qʷi-ca	3
haːʕin	3
ʔana-ckʷi·	3
ƛaƛuː	3
čaː	3
čaːkupiːḥ	3
ʔu-siːk	3
huyaːɬ	3
paƛ-ʼiƛ	3
qay̓apt̓a	3
ʔu-ca-ḥta·k-sa	3
haw̓a-awiːqš	3
tuːḥ	3
ʕaɬmapt	3
hiɬ-ačišt	3
ɬuḥ	3
ḥa-ʔiː	3
qaḥ-kʷa	3
hišuk	3
ʕupnit	3
ƛ̓up-ʽi·čḥ	3
ḥayu-či·ɬ	3
qʷaq	3
waːxniː	3
ƛ̓iḥapiːḥ	3
hupkʷ-ista	3
t̓ašiːs	3
k̓ama	3
waɬ-yu·	3
ʕuyaːs	3
alberni	3
kuːnaː	3
wiʔak	3
hiyiq-stup	3
x̣ax̣aš-k̓uk	3
hita-c̓in(ƛ)	3
kʷis-ut-a·qtu·	3
wič-siɬa-ckʷi·	3
ni-ʼatu	3
m̓uč̓ič-tu·p	3
qiɬcmaʕatḥ	3
ʔu-(k)tis	3
ƛ̓iː-pi(ƛ)	3
šiƛ-sti·s	3
hač̓a	3
waʔuːs	3
kamatq-ʼa·qƛ̓i(ƛ)	3
ʔunaː	3
waːsi	3
k̓aḥ-yaq-ʔis	3
mituːni	3
ʔaːʔiːktaq	3
maːʔuk	3
ḥamat	3
ḥaːtḥaːkʷaƛ	3
hin-at	3
t̓aːtn̓a-čiːɬ	3
pawaɬ	3
ʔunack	3
c̓aː	3
saya	3
ʔu-(w)aƛ	3
quʔac-tu·p	3
hisit	3
maƛaːk	3
qʷi-ʕaƛ	3
wic̓ik	3
qac-u·t	3
tiːčma	3
ƛ̓up-y̓i·ḥa	3
wik-ʼi(ƛ)	3
huʔa-a·n̓uːƛ	3
wik-maḥsa	3
p̓aʕim	3
haw̓iːqstu(ƛ)	3
hask̓aːmac	3
wik-iːp	3
ʔu-iːc-wa·s	3
čums-m̓i·t	3
c̓iːk-ʔaɬ	3
hiɬ-inʕatu	3
wik-ʽiɬ	3
hiɬ-ʼa·	3
hiḥ-ʼu(ƛ)	3
č̓u-y̓i·ḥa	3
wiḥi-ʼu(ƛ)	3
y̓a·q-naq	3
čimt̓a	3
ta-ʽsa(ƛ)	3
saya-a·č̓a	3
niːtiːnaʔatḥ	3
ḥimq	3
c̓axʷ	3
ʕaːʔiː	3
hint	3
c̓aḥʷackʷi	2
waḥ	2
qʷi-maʕuk-maḥsa	2
ƛ̓aʕiːk	2
wica	2
qʷaː-čiːɬ	2
hiɬ-aʕaq-ʽiɬ	2
c̓iːḥati	2
ɬaːkʷ	2
č̓axʷac	2
wawaː-qčik	2
ni-cwi·	2
mat-a·s	2
hiɬ-a·s	2
ʕiḥ-p̓ičḥ	2
č̓apac-iːɬ-w̓it̓as	2
ḥumapt	2
taːk	2
dup-ʔu-(kʷ)ink	2
ʔuxʷ-ʼi·ƛ	2
č̓iḥ-su·qƛ-tisim	2
hiɬ-ʼaqƛ	2
his-iːʔas	2
k̓aḥ	2
ʔuxʷ-ʔi·(ƛ)	2
dup#-qʷaː	2
ɬatx̣ʷ	2
ka-č̓ak	2
ḥayu	2
ḥayu-p̓it	2
ɬaːḥ	2
c̓is-tu·p	2
p̓inw̓aɬ	2
ʔuḥʔiš	2
his-taq-iːs	2
ƛaː-(q)u·p	2
kʷis-caqc̓uː	2
ƛiːḥ-cuːt-ʔaːɬ	2
čačam	2
čim-caqs	2
ʔu-ca-ḥta·k	2
kʷist-ʼitap	2
kʷatyiːk	2
hiɬ-ʼaḥs	2
his-kʷist-ʼaḥs	2
čit	2
ʔapw̓in-qs	2
ʔu-cuk	2
ʔašx̣	2
ʔat̓a	2
ƛ̓ačiː	2
ƛaːm̓aqak	2
ƛaːm̓aq	2
taː-pi·ɬ	2
waɬ-yaq-pi(ƛ)	2
dup-sakʷ-wa·	2
čiː-ḥt-ʼas	2
hatk-ma	2
ʔaːp	2
huːxsʔatu	2
čamaːs	2
k̓ic-ca·s	2
hup	2
qay̓a·xʷas	2
ƛ̓ik-u·ɬ	2
č̓itkʔis	2
saːč̓a-ink	2
taːpʕim	2
ƛaːmaksim	2
cik-paɬ	2
dupː-ƛ̓ay̓ixʷ	2
kʷaʔaɬ	2
tumiːs	2
tas	2
a·s	2
hiɬ-sp̓i·	2
ʔu-ḥʷʼaɬ-ckʷi·	2
tumis	2
ʔaːʔaːʔiša·	2
dup-c̓iq-ink	2
wiːy̓aː	2
ʔuxʷ-ʼas-ckʷi·	2
n̓ač-p̓ič	2
ʔu-caḥtak	2
ʔu-ḥʷʼaɬ-ckʷi·-ʔaːɬ	2
sačk-aɬ	2
ɬiɬiːtapi	2
hamu·t-naq	2
qun-ʼiḥta	2
t̓aːqukʷi(ƛ)	2
ƛaʔu-c̓iq	2
ʔuːš-aɬa	2
šiːƛ	2
niːḥ-iɬ	2
c̓itkʷ-ʽpiƛ	2
č̓uḥ	2
č̓i-ʔatu	2
hin-iːc	2
nunuːk-qčik	2
ʔu-a·cqin	2
hup-a·cqi	2
čat	2
maɬ	2
ʔinkʷ-iːɬ	2
ʔačaq	2
n̓aːčuk-ʼin	2
sukʷi(ƛ)-ʼi·č	2
sukʷiƛ-či·	2
hiš-sa·cu	2
mitxʷ	2
ƛiḥ-ʽsaƛ	2
suw̓a	2
taːč̓a	2
naʔa·-ataḥ	2
čapxʷ-na·k	2
yaː-ʼaqƛ-st̓aɬ	2
qʷa-ya·tuk	2
ʔu-ayi·	2
hixʷ	2
ʔuːš-ḥtin	2
tuḥ-dup…st̓uː	2
wiːq	2
ʔana-ʼinḥi	2
k̓uː-ʔuɬ	2
kin̓uc-kʷačyu	2
ɬaqʷ-ayi·	2
citk-pi(ƛ)	2
kʷis-aḥi	2
dup-hin-ataḥ	2
hat̓iːs-ckʷi·-ʔaːɬ	2
hiɬ-l	2
qacc̓a-qʔičḥ	2
qacc̓a-či·ɬ	2
ḥa-ʼiƛ	2
tum-ʼaqstuƛ	2
tiːčmis	2
hiš-(č)iɬ	2
hat̓inq-ʼaqa	2
ḥakʷaƛ-na·k	2
ma-ʔayiɬ	2
ʕiɬč-snaʕaːɬ	2
nay̓aq-na·k	2
y̓umḥ	2
naːty̓aqak	2
inq-ʽsa(ƛ)	2
hapumy̓amum	2
c̓istu·p	2
haši·	2
t̓i-misa	2
wik-siɬa	2
ʕiɬč-na·k	2
ʔuyaqḥ-na·k	2
saya·-ʔiː	2
hiš-suːƛ	2
yaqʷ-ʼa·ɬčiqḥ	2
c̓awa·-uː	2
yaʔa·ya-qḥy̓u·	2
ʔunic-cuk	2
n̓ušiƛ-w̓it̓as	2
saštup	2
yaq-či-ʼatḥ	2
siqa-iːɬ	2
hiːnip-či·p	2
ƛ̓iːxʷ-c̓us-ʼin	2
ƛ̓iːxʷ-ʼa·qa	2
nučḥ	2
qʷi-k̓ʷič	2
ʔu-sum	2
qʷi-sum	2
kutḥ	2
naʔuːk	2
ʔu-kʷink	2
huɬ	2
kaɬa	2
taɬa	2
ʔuyi-ckʷi·	2
ƛ̓uš	2
hamuːt	2
c̓us	2
hatkʷ-misa	2
muk	2
ʼa·qƛ̓iƛ	2
ma·su·ɬ-qčik	2
siq-iːɬ	2
kuːw̓iɬ	2
hinumsinƛ	2
ʕaciːs	2
hin-a·ḥin	2
wikstup	2
witq	2
č̓ikn̓a-m̓i·t	2
ƛ̓am-a·s	2
n̓ač-ḥta·kʷ	2
ʔič̓a	2
ti·ča	2
ta	2
ʔu-ckʷi·	2
m̓aːm̓i·qsu	2
k̓uː	2
[~]	2
čamiḥta-ckʷi·	2
quʔiːči(ƛ)	2
ʔaƛpu-qʔičḥ	2
ʔu-ʔiːp	2
kinḥ	2
himwic̓a	2
waʔič-swi·	2
tuq	2
ḥuq	2
ʔiš-p̓aɬ	2
mamums	2
ʔukʷ-in	2
ʔaya-iːp	2
ʔaƛ-c̓iq	2
qu-qs	2
qiː-(y)u·k̓ʷaɬ	2
m̓aɬ	2
tuč̓iː	2
ʔaya-aːƛ	2
hawiː(ƛ)	2
naʔu·-qs	2
(č)iɬ	2
p̓aːčiːna	2
ƛ̓up-nit	2
c̓awa·-in	2
ʔaƛa-in	2
ʔusit	2
hita-c̓inƛ	2
t̓ayuː	2
wik-ckʷi·	2
naʔaː-ckʷi·	2
hiːstiƛ	2
šip	2
mak-ʼatu	2
ƛ̓itḥaq	2
qʷi-na·k	2
ʔap	2
ƛ̓aːʔaː	2
qʷi-(y)i·	2
ƛišƛiq-y̓ak	2
p̓iš	2
ʔiːqḥ-y̓ak	2
wiːq-siɬa	2
caq	2
ƛ̓aː	2
tačkʷa	2
ʕaːḥuːs	2
niːyaː	2
hinata-ʼas	2
hačɬiː(ƛ)	2
pawaɬ-ʼin	2
kinčoːč-ʼatḥ	2
kʷis-uːq-ʼatḥ	2
yaqʷ-ʔič	2
ƛih	2
y̓imqimy̓uːƛ	2
ʕaːkʷ-a·št	2
hiɬ-sasa	2
ʔiːḥ-camis	2
hašiː	2
načiqs	2
ʔuːš-p̓aɬ	2
ʔačaq-ʔišt	2
ča	2
yaqʷ-ḥʷʼaɬ	2
c̓a-ʔuq-ʼaqƛ-ʔis	2
y̓aːqn̓aq-ckʷi·	2
ɬiʔaː	2
k̓uː-ʔiː	2
ʔuna-č-a·qtu·	2
yac-a·qtu·	2
huʔa-a·qtu·	2
č̓itaːpi	2
ʔaya-ʼatḥ	2
ƛa-ʼas	2
ƛakiš-pi-ʽiɬ	2
yaq-ckʷi·	2
ḥaʔak	2
qʷiš	2
tea	2
ʔiːḥʷ-camis	2
č̓it̓uːɬ	2
qiː-yu·k̓ʷaːɬ	2
nam	2
ḥus-p̓aɬ	2
k̓aḥ-yu·	2
n̓ač-ʼaɬuk	2
ƛ̓aq-swi·-ʼas	2
ʕiːɬmakt	2
ƛaːn̓uɬ	2
qʷaː-wa·	2
wiḥi-ʼu·ƛ	2
m̓uːkuːk	2
wiky̓uː	2
mamaɬn̓iq	2
qʷisḥ-ʼaːḥ	2
ʔiʔiːnis	2
ƛ̓up-ʽi·čḥ-iya	2
ḥacqaɬ	2
hiš-iɬ	2
qʷa	2
c̓aːnit	2
hita-pʔiɬ	2
ʔu-cḥa	2
dup-ʔuːq	2
ʔu-ʔiː-ʼas	2
k̓uč	2
č̓aːsta	2
ƛ̓uːyiː-ʽ(i)pi(ƛ)	2
hatk	2
y̓imqƛ	2
ʔaʔiːḥʷ	2
qʷayaːc̓ik	2
kiš	2
hiɬ-c-ʼapuɬa	2
ʔiq-siɬa	2
sačk̓aḥs	2
k̓ic	2
putqʷaː-ʼakƛi	2
wax-ʼik	2
dup-ʔu·q	2
c̓i	2
ʼiːḥʷ	2
wik-st̓iːḥ	2
tuč̓iː-cpa·	2
p̓us	2
čaʔak	2
cus	2
kʷiːsqšiƛ	2
sus-pʔiɬ	2
suw̓aːq	2
dup-ʔu-kʷiɬ	2
dup-ʔu-p̓iqš	2
suw̓aːs	2
ɬic-w̓isa	2
ɬic	2
ʔu-cḥinƛ	2
ma	2
ḥiːx	2
nuːsčiː	2
ʕiːčnuː	2
c̓ic̓iša	2
sit̓a	2
qač-l	2
ciq-ʼas	2
ʔunic-ʼas	2
ɬuč-cuw̓at	2
t̓aːqya	2
ƛawa-insʔiː	2
taːna	2
ʔani-iya	2
waḥ-kʷa	2
wik-maʕuk	2
t̓ašiː	2
piːcksy̓i	2
quʔušin	2
ʔu-sumḥi·	2
ḥanaːqƛ	2
siq	2
ƛ̓uɬ-apu(ƛ)	2
č̓am-ʼi·ƛiɬ	2
t̓iqʷ-ʽpiƛ	2
wi-pap	2
ʔaɬčac	2
k̓aːsč̓a	2
naʔaː-ataḥ	2
ƛ̓iniːḥak	2
ʔana-qs	2
sayaː	2
qiː-(y)u·k̓ʷaːɬ	2
p̓uːʔi	2
t̓imyis	2
ḥunqis	2
wiḥi-ʼa·s-ʼatḥ	2
kakaw̓in	2
č̓iːq-ʼaqa	2
ʔimč̓aːqy̓ak	2
ʔint	2
ƛ̓iƛk	2
ʔu-ʔi·ya-ʔis	2
č̓aniː	2
hin-(w)aƛ	2
k̓iɬanus	2
ḥacxʷi·	2
ʔu·q-či	2
yac-ʼaḥs	2
nixtin	2
k̓ač	2
xʷak	2
ʔatḥiː-iy̓u	2
ʔiːḥ-p̓i·t	2
pi-ʽiɬ	2
w̓a	2
ɬuːcsamiːḥ	2
ʔuːštup	2
ʔu-kʷa·ɬ	2
numap̓at̓u	2
hiːɬtqy-a·p̓aɬ	2
takaːs	2
naʔaː-ct̓aɬ	2
č̓ap-yiːq	2
ʔuːƛ̓aqči	2
nučaːɬʔatḥ	2
wiːq-ʼaqƛ	2
hinaːs	2
čiːqƛisʔatḥ	2
ḥa-ʼiḥta-ʔis	2
huʔa-p̓in	2
ʕuc̓uːsʔatḥ	2
muː-qumɬ	2
haɬim̓aː-aksuɬ	2
ʕimt-na·k	2
himwic̓aq-y̓akʷ	2
ƛ̓ix-ʼaqƛ-ʼa·ʔa	2
kʷis-??	2
tuxʷ-ačišt	2
maːn̓uːʔisʔatḥ	2
ḥy̓u·-ʔuːy̓aːš…ims	2
čink	2
ʔaqi-čiːɬ	2
ʔaːna-na·k	2
čat-as-ʼakƛi	2
ƛ̓uḥ-as-ʼakƛi	2
ʔuxʷaːpiq-iːɬ	2
ʕat̓uː	2
ʔam-umɬ	1
qʷaː-ʼaːḥ	1
t̓ut̓unaxk̓uk	1
pic̓up	1
č̓itapt	1
pikaʔuːq-iːɬ-y̓akʷ	1
paːskit-iːɬ-y̓akʷ	1
ʔana-siɬa-sa	1
ciq-inkʷ	1
ʔu-wink	1
čiːc-y̓akʷ-štu·p	1
ʔu-ʼiːḥ	1
c̓us-ʼi·tap-w̓it̓as	1
ʕakʷ	1
ƛaḥ-c̓a	1
ɬawyer	1
ʔu-aqsti·-ckʷi·	1
piːpaː	1
ƛiːsy̓ak	1
ƛ̓ax̣-y̓akʷ	1
ƛ̓ax̣	1
mamuːk-yaq-ʽiɬ	1
naq-uːti	1
c̓iːḥatiq-iːɬ	1
naq-uːti-či·s	1
waːs	1
ʔu-ḥta·-sa	1
ɬaːkcaḥi-cum	1
n̓ač-misa	1
ʔu-m̓a-ʔiː	1
mat-misa	1
kacutum	1
ƛawa-ʔi·	1
mat-wa·s	1
wi-ʕaƛ-p̓ičḥ	1
t̓iqʷ-ʼi·(ƛ)	1
naq-uːti-ʼi·s	1
naʔa·-suːk	1
qiː-p̓it-ʕaƛ	1
ʔayu-p̓it-ʕaƛ	1
yac-p̓ič	1
n̓an̓aːn̓ič	1
ʼas	1
tak-qiːnu(ƛ)	1
qʷi-c-a·pi	1
ḥin-api	1
dup-ciq-inkʷ	1
ḥaːɬ-api	1
dup#-ɬaːkʷ	1
wik-p̓iq	1
ʕačuː	1
n̓ač-iːɬa	1
čama-a·piq-qčik	1
ʔuxʷ	1
qʷi-ʔiː-ʼas	1
quʔac-ʼaqƛ	1
č̓apac-iːɬ-maʕuk	1
ʕiq-ʕaƛ	1
hin-ʔaɬ-ʼaqstup	1
č̓iḥ-waḥsuɬ-maḥsa	1
ƛ̓iʔiːkƛ̓ika	1
kukʷiniksi	1
ʔaƛa-c̓as-qi·	1
ƛ̓iḥ	1
ʕiyaːɬ	1
mat-waḥsuɬ	1
hiɬ-qi·	1
č̓apac-maʕuk	1
n̓ač-nmisa	1
č̓iḥ-ʼaqƛ	1
ʔuːsa-yaq-ʼas	1
čim-ʼitap	1
čim-ʔi·(ƛ)	1
n̓up-y̓aɬ	1
qʷaː-ʼas	1
ʔuːna-maḥsa	1
qacc̓a-i·ɬ	1
muː-y̓aɬ	1
suč̓a-i·ɬ	1
n̓upu-i·ɬ	1
ʔaƛpu-i·ɬ	1
c̓awaːkʷaɬ	1
ʔuːš-cpa·-matak	1
čit-ḥta·	1
ʔuːna-w̓it̓as	1
m̓uksy̓u	1
ʔu-ʼiḥta	1
t̓i-ʕa·ʔat	1
hiš-čut-iɬ	1
qay̓a·xʷ-as	1
ʔuːsa-a·tuk	1
mašiːn	1
ʔayi-(š)taq-api	1
č̓apac-sa	1
qacc̓a-p̓it	1
yaqʷ-iɬ-ckʷi·-ʔaːɬ	1
yašmaqac	1
ʔu-(kʷ)iːɬ	1
ƛ̓icuːɬ	1
ʕaʕaːči	1
siːč̓ak	1
ʔu-č̓akʷ	1
ʕaːs	1
waː-ʔaːḥ	1
ƛaː-(q)u·ɬ	1
cik-paɬa	1
hiɬ-pi·	1
kimt-y̓ak	1
y̓aːq-s	1
kimt	1
t̓i-ʕa·ʔatu	1
kʷist-ʼi·ƛ	1
his-a·wuɬ	1
ʔuh-ʔaːɬ	1
hiɬ-st̓uːqs	1
dup-tin-ʕin	1
puːkʷ-aɬ	1
qʷit̓a-maḥsa	1
q-ʼaḥs	1
hup-y̓ak	1
ƛ̓uɬ	1
dup-n̓ač-paɬ	1
yaqʷ-(č)iɬ-čim	1
cikimin	1
č̓aḥ-y̓ak	1
ʕak-m̓aɬ-st̓uqs-y̓ak	1
ʔu-č̓ak	1
ʔuʔumḥi·	1
qʷit̓a	1
čiː-ḥt-ʼas-w̓it̓as	1
yaqʷ-uwa-dupː…ʔaːḥi	1
huːʔak-maḥsa	1
dup-ʔuːq-wa·	1
dupː-humt-ʼas	1
ʔuːš-ʔaːɬ	1
saya-čḥʔas	1
hita-csuḥta	1
čiːʔukʷ-ʔis	1
hin-ačišt	1
čiː-ačisth	1
maƛ	1
ʔuːš-taq	1
hupi·	1
čiːʔuk-ʔis	1
kiːɬ-ʼiƛ	1
wiḥaː-ʼitap	1
dupː-yaqʷ-uː	1
čaːni-??	1
ḥuq-ʼitap	1
ḥuq-ʼas	1
p̓iḥ	1
qewː	1
qʷi-yu	1
ʔu-kčamaɬča	1
kiḥ-ca·s	1
ʔunw̓iː(ƛ)	1
kʷin̓aɬ	1
ƛ̓iːxʷ	1
p̓aːčiːna-ʼatḥ	1
čim-ʼi·(ƛ)	1
ka-ču·-ʔaːɬ	1
wik-sinḥi	1
dup#-cik-mis	1
ḥuq-ʼa·s	1
ʔuːpi	1
yušu-ink	1
k̓atyiːk	1
ʔaniːya-č̓ak	1
hiyiq-šaḥap-ckʷi·	1
qay̓u·xʷ	1
ʔuːš-ckʷi·-ʔaːɬ	1
ƛ̓ik-uːɬ	1
iʔaḥ	1
qʷa-(č)iɬ	1
hiš-cuq	1
qay̓a·xʷ	1
ɬuːcma-matak	1
č̓am-ic̓i·	1
pi·	1
taːpʔim	1
yaqʷ-siːk	1
ʔunaː-ʕa·či	1
ʔuy-ista-im	1
huʔa-a·s	1
ʔaƛpu-p̓it	1
č̓aːp	1
ʔaya-maḥsa	1
hawiɬ-čaq-y̓akʷ	1
ƛaːmaksunup	1
ʔu-ʼaɬa	1
ʔu-ʔaɬa	1
miɬ-a·s	1
tupk-a·s	1
k̓ic-aːʔis	1
ʔiškʷiːc	1
ʔu-ʼa·qsta	1
ƛuːʔak	1
ʔišc̓iːp	1
ƛ̓aːqƛ-w̓it̓as	1
sit	1
ʔuc̓inap	1
ƛa	1
y̓as	1
v.wedge	1
hin-as-matak	1
yaːšmaɬ	1
dup#-wiːq-y̓a·	1
wik-sa·ʔa	1
ḥaːʔḥuːp	1
hiɬ-tqi·	1
keel	1
čamaqƛ-cuk	1
cikʷ-as	1
hiɬ-ʼakƛi-aqs	1
cik-cuːt	1
wik-ʼaɬuk	1
ƛičaː	1
šaːxt-as	1
ʔunwiː	1
huʔa-p̓inq-sak	1
qʷaːʔ	1
tin̓uːk	1
tas-maɬ-it	1
qʷaː-ckʷi·	1
tukʷa	1
hiːʔuɬa	1
čamaqƛ-ckʷi·	1
ʔu·qumḥi-qaq	1
čiː-n̓i-san̓ap	1
qiːy-ačišt	1
ƛušinqak	1
saya·-šti·p	1
qʷayac̓iːk-štaqmuɬ	1
yaqʷ-wi·-ʼiɬ	1
wik-ʼa·p	1
ƛ̓iːxʷ-p̓ičḥ	1
ʔaqi-ʔuːk	1
ʔu·q-iːya	1
ƛ̓iːsw-p̓ičḥ	1
picksy̓iq-naq	1
kiɬ-w̓inq-si	1
hin-iːc-su(ƛ)	1
qʷi-ciy̓uk	1
quːɬ	1
ʔu-ʔiː-cqiː	1
qʷaː-maḥsa	1
ʔu-kči-amaɬči	1
č̓iːmaq-iːɬ	1
c̓awa·-čiɬ	1
muwač-m̓it	1
nunuːk-či·p-ʼi·s	1
ƛ̓ik-aʕaq-ʽpiƛ	1
nu-ʕiƛ	1
ʕaq-c̓aqḥ-t̓a·na	1
nat-misa-ʽipiƛ-t̓a·na	1
k̓aš-ḥta·kʷ-ʽiɬ-t̓a·na	1
ʕaq-c̓aqḥ	1
ḥupt	1
kamatq-wa·s	1
a·ʕatu	1
qs	1
hiɬhin-qs	1
qʷayac̓iːk-mu·t	1
taɬ-tqi·-ʽiɬ	1
w̓aː-kum-sa-siɬa	1
ʕuq-ʽiɬ	1
ʔu-ḥta·-w̓it̓as	1
pu-mi·piƛ	1
wawaː-cst̓aɬ	1
kamatqʷ-wa·s-na·k	1
wik-aɬc̓a	1
sukʷiƛ-na·k	1
ʔaʔaːtuː-ʼin	1
ʔak̓uɬi	1
sukʷi(ƛ)-ʼa·s	1
ʔak̓uɬ-š	1
hiɬ-api-ʽiɬ	1
čaːyixʷ-api-ʽiɬ	1
qiːy-api-ʽiɬ	1
yaq-či	1
wukʷiƛ	1
pu-n̓i-ʽsaƛ	1
haːʕin-yu	1
hupi·-ʼin-ʔak	1
kaps	1
wiškaː	1
huʔa-c̓in̓ap	1
ʔučqmis	1
ʔukʷa	1
n̓ama-cp̓i·-a·čišt	1
qʷayyac̓iːk-mu·t	1
ʔučq-ʔinƛ	1
yac-ʽsaƛ	1
ʔoːmʔa	1
ʔaḥku·-či·p	1
kist̓a	1
ʔu-ma·p	1
ʕač-ʽsaƛ	1
sup̓icmis	1
ʕup-kswi·q-ʼaqƛ-n̓uk	1
ʔiq-sta-ʽsaƛ	1
hist-a·čiƛ	1
tuxʷ-kʷi-ʽsaƛ	1
m̓a-ʔakʷa	1
taːč̓a-ckʷi·	1
muk-iːp	1
yaq-ʼa·ɬčiqḥ	1
wišk	1
ƛ̓uː	1
qʷaː-(y)a·tuk	1
ʔana-panač	1
ʔaƛa-panač	1
ʔu-iya	1
čuu	1
ʕims	1
ḥaḥumt̓uː	1
ʔuːšc̓aɬuk	1
hita-cpa·	1
ʔuːš-iːc	1
ƛa-qimɬ-ʼas	1
kamatq-ʼiːḥ	1
wiːq-č̓ap	1
hinq	1
ʔuːš-a·tuk	1
ʔu-a·tuk	1
ʔuːš-tu·p-ayi·	1
haʔum-štu·p	1
ʔinčiɬ-ʔaːɬ	1
ʔuːš-ḥtin-qak	1
ʔunw̓iːƛ-ckʷi·-ʔaːɬ	1
ʔu-č̓ak-ckʷi·	1
ʔuːš-ca-panač	1
tuḥ	1
ʔaya-ckʷi·	1
ḥaːḥuːpa-y̓ak-ƛa·	1
wiːqḥap	1
ḥaw̓iɬ-aq	1
ƛ̓aːʔaː-ʽis	1
n̓aːcsa-a·ƛ	1
m̓uč̓ič-ʔin	1
kin̓uc-yu	1
wič	1
m̓uč̓ič-ʔac-y̓ak	1
ʔu-ca-ḥta-k	1
ʔu-ʔi·ya	1
muːq-pi(ƛ)	1
hiːɬa-ʽiɬ	1
hin-as-pi(ƛ)	1
qʷa-ʔis	1
ču-a·pi	1
yaq-ʔič	1
numaːk-ckʷi·	1
hiš-imɬ	1
kʷis-aḥi-ckʷi·	1
ʔaya-imsuk	1
hiš-imɬ-ʼawiƛ	1
ḥaːḥuːpa-č̓ak	1
wiːq-ḥaːp	1
qʷi-ʼi·c-ckʷi·	1
ḥim	1
qiː-sasaƛ	1
ʔuːqḥɬi	1
m̓a-ʼiƛ	1
inkʷ	1
ʔiːḥʷ-ckʷi·	1
hayaːqƛ	1
tupʕaqstuƛ	1
tupʕaqƛ	1
wik̓i·t	1
n̓iƛaːk	1
qaːc-š	1
wiːkš	1
ʔuk-š	1
tum-ʼaqstuːɬ	1
ʔu-ʼiƛ	1
qʷaʔuːc	1
tuškayiɬim-m̓i·t	1
ʔiːḥ-ckʷi·	1
ʔukʷa-iqs	1
sač̓ica	1
hawiɬ-ʔaːɬ	1
ʔu-maːp	1
takaː	1
ɬiciːt	1
ɬicw̓isa	1
c̓awa·-ʼatḥ	1
ʔana-sči-ʼatḥ	1
haʔum-i·ty̓a·p	1
qiː-ʽis	1
ʔaʔim-šti·p	1
ƛa-san̓ap	1
č̓iːt-y̓akʷ	1
ɬaqʷ-aqti	1
ɬiḥiyasum	1
k̓uːq	1
y̓ak-iːʔi(ƛ)	1
yaːs-yumɬ-ʽiɬ	1
hapumy̓um	1
huyaːɬ-aqa	1
nuːk-na·k	1
ʔiq-ʽis	1
ʔu-kʷinkʷ	1
y̓uːkʷiːqsu-sa	1
ʕiḥ-ʼiːk	1
kamatqʷ-iːʔi(ƛ)	1
t̓i-ʼu·p	1
ʔuːš-na·k	1
kʷis-tu·p-aq	1
kʷiːsaḥi	1
ʔu-kʷiːɬ-na·k	1
ʔu-taḥ	1
c̓is-san̓ap	1
ɬuːč̓-a·n…iya	1
n̓ač-n̓i-ʽsa(ƛ)	1
yaːɬ-ʽis	1
masčum	1
wimaʕin	1
ƛ̓upk-aksu(ɬ)	1
hiɬ-n̓i·-ʽis	1
t̓i-(w)aʕaq-ʽis	1
t̓i-(w)aʕaq-san̓ap	1
n̓ač-i·s	1
qiː-kʷa·ɬ	1
ta-ʽis	1
yuxt	1
ƛ̓iptkʷ	1
haɬmi·ḥa	1
wiːq-ʔinƛ	1
wyiːy̓a	1
ɬakʷ	1
ʔu-mac̓uk	1
ƛ̓iːc̓uː-mis	1
n̓ušiƛ	1
n̓ušiƛ-na·k	1
hiš-umɬ-ʽipitap	1
hiɬ-ʼa·qsta-ʽiɬ	1
yaː	1
t̓apatḥsi·	1
waːsqʷiː-cum	1
hiš-uː	1
qʷi-ʼinɬ	1
n̓iƛy̓ak	1
ḥay̓um	1
p̓a	1
hiš-umɬ-ʽiɬ	1
qʷiyu-cuk	1
t̓učk-ʽiɬ	1
ƛ̓iƛ̓ick̓uk	1
ḥaʔuː-ayi·-ʔaːɬ-ckʷi·	1
ʔana-um-c̓u·	1
haːʔin	1
qʷiː-ḥʷʼaɬ	1
tuḥ-ʼin	1
ʔayu-p̓it	1
huʔa-as	1
kaƛh	1
his-umɬ-ʽis	1
yac-insʔiː	1
ʔunaḥ-i·y̓uɬ	1
ʔaqisḥ-cum	1
ʔu-ʕašt	1
ʔi·ḥʷ-p̓it	1
ʔa·s	1
čaxt	1
ʔu-n̓a·ḥ-či·p-ʼi·s	1
w̓anus	1
c̓is-iːc-um	1
maƛ-ʼaːs-um	1
maƛ-p̓ič-ḥta-um	1
siːḥʷ-wi·-ʼiɬ	1
ḥumaqaː	1
ḥumaqa·-či·	1
ḥaːɬm̓aḥi	1
ʔinx	1
maƛ-p̓ič-um	1
ƛa-ʽis	1
sačk-ʼiḥta	1
hiš-a·cu	1
y̓aːq	1
yac-inksta-ʽis	1
kaƛḥ-ʕaqstuƛ	1
taːɬ-ʽis	1
tupk	1
hiɬ-tqya·p̓i-aɬ	1
hin-iːc-ckʷi·	1
qʷi-a·nuːƛ	1
haw̓-a·ḥin	1
ƛaːc̓um	1
qʷis-na·k	1
ʔu-ʼiːḥ-w̓it̓as	1
ʔaʔum-štu·p	1
kaƛḥ-ʼaqstuƛ	1
wiːnap-ʼa·ʔa	1
ɬaḥ-ʼas	1
ʔuːš-tup	1
hiɬ-ʼa·qsta-ʼas	1
ʕamaʕas	1
ʔu-kʷi·qsta	1
husmin	1
t̓aps-atu	1
yaqʷ-in̓ak̓uːḥ	1
hin-kʷay̓iːḥ	1
hin-iːp	1
wiḥ-či-san̓ap	1
sup̓ic-ʽis	1
hatkʷ-c̓u·-san̓ap	1
tuːk-i·č-san̓ap	1
wiːmat	1
qʷi-ʔiː-ʽis	1
kuːhkuḥʷʼisa	1
saya·-ʽis-aʔa	1
ḥaːm̓a-maḥsa	1
wiːmat-ʽis	1
qʷyac̓iːk	1
tuxʷ-kʷist-ʼa·ʔa	1
c̓us-kʷis-san̓ap	1
č̓i-ʔakʷa	1
huʔa-ḥt-ʼas	1
wik-ʽis-ʕi(ƛ)	1
mis-ma·-ʽis	1
qʷi-ca-ḥta	1
mitxʷ-umɬ-ʼi·(ƛ)	1
hicnup-ʼaqƛ̓as	1
qiː-či·ɬ	1
ʔaya-ʽ(i)pi(ƛ)	1
tums	1
ik-ʼity̓ak	1
tums-a·p	1
t̓apat-na·k	1
maḥt̓aqas	1
hist-wa·s	1
qʷiš-ckʷi·	1
xaːʔamin	1
puː	1
y̓ak-wa·s	1
ƛ̓is-umɬ-aq	1
ḥaw̓iɬ-matak	1
ƛ̓is-umɬ	1
w̓ašq	1
ma·su·ɬ	1
hiɬ-tqya·p̓i	1
ƛ̓iptk	1
wiːʔis	1
qiː-ʼatḥ	1
hin-(w)a(ƛ)	1
ʔaqis-cum	1
sukʷi(ƛ)-ʼa·s-na·k	1
hiš-umɬ-ʽipiƛ	1
numa-ckʷi·q-aɬ	1
hiːɬ-ciːʕas	1
huʔa-ʼa·qƛ̓iƛ	1
ʔu-a·nuːƛ	1
ciʕas-w̓it̓as	1
yawaː	1
qʷac̓aɬ-aq	1
ƛuɬ-y̓i·ḥa	1
ciʕas	1
su-cḥinƛ-maḥsa	1
su-cḥi-maḥsa	1
witqʷ-api	1
wikstup,	1
witq-p̓a·	1
ʔinis	1
ʕas-ayi·	1
qʷis-cum	1
witqʷ-p̓a·	1
qinu	1
ƛ̓uɬ-api	1
ƛ̓uɬ-apuƛ	1
wa·-maḥsa	1
ʔay̓ix	1
wik-in̓ak̓uːḥ	1
wiḥ-ʼa·ʔa	1
t̓učkqum	1
ni-yasu·	1
hiɬ-ačišt-ʼatḥ	1
hakʷiːḥa	1
wiḥ	1
ʔi·ḥʷ-siɬa-api	1
maːmaːti-stup	1
k̓ʷiːšk̓ʷiːk̓ʷa	1
č̓ikn̓a	1
c̓ixʷatin	1
hiš-ʔa-ḥta·	1
c̓awa·-panač	1
c̓awa·-činkʷ-ʔaːɬ	1
kʷis-qʔičḥ	1
wača·k	1
saːpin-m̓i·t	1
ʔuːš-ink	1
y̓umwa·	1
ʔu-kči·-ʽiɬ	1
y̓ukʷi·q-sasa	1
t̓an̓a-na·k	1
m̓aːn̓uːʔisʔatḥ	1
čaːmat̓a	1
ḥaːḥuːɬ	1
ʔu-cuw̓at	1
ɬuucma	1
qiɬsmaq-ʼaqsup	1
qiɬsmaq-ʼaqsup.	1
qiɬsmaq-ʼatḥ	1
ʔaːnaḥa	1
yaqʔaƛ	1
taqimɬ	1
ʔu-(y)imɬ-ckʷi·	1
hiːsaʔac̓aƛ	1
quːʔičiƛ	1
kuḥʷ	1
yaq-čhi	1
ƛaʔuː-čhi	1
saɬ	1
school	1
ʔuːš-y̓a·	1
naʔaːt	1
ƛiːsƛiːs	1
tiːčas	1
ʔuːš-c̓aɬ	1
wik-y̓a·	1
cuw̓it	1
ʕay̓iːčḥ	1
sus-iɬ-aya	1
ʔuːc-ḥn̓a·k	1
caxtqiː	1
dup-qac-čup̓ič	1
n̓up-qimɬ	1
ʔu-ʔi·ʔas	1
hist-(č)iɬ	1
ƛ̓iƛ̓iḥiy̓uuḥ,	1
č̓aty̓a	1
ƛapisum	1
wik-ʔa·ta	1
hačʔinštup	1
ḥaːʔiːsaƛ	1
y̓aʔisi	1
wik-tim	1
wik-ʔa·ta-im	1
ʔu-(ʔ)aːpi	1
ʔiš-ʔuːk	1
ʔu-y̓i·ḥa-in	1
čaːnaːƛ	1
ʔuyi-ʼi·sim	1
ʔisčc̓iːp-m̓i·t	1
his-i·k-ḥaːɬ	1
qʷaː-a·nuːƛ	1
ƛ̓imcsit	1
qaɬ-ca	1
ʔiq-ḥap	1
qum̓aː-na·k	1
qʷa-na·k	1
huʔa	1
[union man-či(ƛ)-ʼaƛ]	1
wik-paɬ	1
hink̓uːʔas	1
naʔiːq	1
wik-ʼaqƛ	1
qʷa-ʼaqƛ	1
čaːnaːt	1
mamuuk	1
hist-anam	1
qu-(kʷ)iːɬ	1
qu-(k)čamaɬčiq	1
qʷaː-ɬḥs	1
miɬɬ	1
ƛusmit	1
čaːniː	1
ʔayaq	1
ʔaya-qs	1
[100 ton-ʼaƛ-quː]	1
n̓up-p̓it	1
ʔaya-c̓inap	1
ʔu-c̓inap	1
qum̓aː-c̓aq	1
ɬuːcsaːm̓iːḥ	1
ʔaːsiːqsu	1
kitḥ-y̓akʷ	1
c̓iːsapiq	1
kʷaʔuːc	1
huḥtak-maḥsa	1
ʔu-cuːt	1
ḥayu-qʔičḥ	1
hist-ʼi	1
ʔu-cḥin	1
[6 years-ši(ƛ)-ʼaƛ-s]	1
n̓upu-qʔičḥ	1
ʔu-(k)čamaɬčiq	1
ʔuːsḥhy̓ims	1
[third year-k̓uk-ʼaƛ-uk]	1
[third year-ʼaƛ-uk-ʔi·š]	1
[two year-ši(ƛ)-ʼaƛ]	1
[three years-ʼaƛ-s-ʔa·ɬ]	1
yaq-čiːɬ	1
waa	1
huiḥtak	1
ʔašx̣ʷ	1
ʔan-(č)iɬ	1
ƛuɬ-mis	1
ʔayaq-čaː	1
hiyiq-tu·p	1
ʕimt	1
ʔuna	1
hapsy̓up	1
hap-ca·sqi·	1
ƛišƛin	1
č̓isa·q…ḥtim	1
quːna	1
k̓ac-ʼiƛ	1
qiː-t̓an̓a	1
qʷiyu-ckʷi·	1
siːk-c̓inƛ	1
yuːpi-ckʷi·-matak	1
yuːpi	1
yu-ksa·ʔa	1
ʔu-ʔi·ya-ačišt-ckʷi·	1
ʔaƛa-ista	1
qacc̓a-ista	1
ʔutwiː-ckʷi·-ʔaːɬ	1
wiʔak-sa	1
hisiː-ckʷi·	1
č̓iːnuːk-ʼatḥ	1
čiːnu·k	1
hist-ʼatḥ-ckʷi·	1
captain	1
hita-ʼa·qƛ̓as	1
čims-aʔaq	1
ʔu-ʼi·č	1
ʔaya-ims-ckʷi·	1
piskit	1
hin-ačiːɬ	1
ḥaʔu-ayi·	1
ʔanu-wa·	1
hicnup-ista	1
hin-a·s	1
hin-(y)i·	1
ʔani-wa·	1
k̓acḥaq-stup	1
qʷa·	1
hita-qs	1
ʔunic-u·k̓ʷaːɬ	1
witwaːk	1
ni-ʔatu	1
p̓atqʷ-ʼaḥs	1
ma-ʼuː	1
ƛ̓aːʔaː-ʼatḥ	1
hiɬ-ʼa·qsta	1
kuːnaː-qčis	1
x̣unusčiʔatḥ	1
his-aq	1
hačɬ-ʼaːʔa	1
k̓uː-čuk	1
huʔa-ca-iːy̓uk	1
ʔu-k̓ʷič	1
waː-??	1
kinčoːč-ʼatḥ-iːc-ckʷi·	1
qʷa-ʽiɬ	1
ƛ̓iːxʷ-snac-u·ɬ	1
ʔuːšmaq-u·ɬ	1
ʔuːš-ḥy̓ims	1
ḥampi	1
tuːpši(ƛ)	1
tum-aqstu(ƛ)	1
yu	1
ʔimc̓ak	1
ʔucuːt	1
ʔatḥiː	1
hita-quː-ʼa·	1
yaqʷ-in̓ak	1
dup#	1
p̓išaq	1
ḥaʔiːčḥ	1
ʔu-kʷiːɬ-ckʷi·	1
ƛ̓uː-kʷiɬ	1
c̓ikt̓aqis	1
muičačiɬḥ	1
wap̓uːqḥ	1
ma-ʼu·	1
waʔu-iːc	1
c̓awa·-iːc	1
hita-sa(ƛ)-na·k	1
hupic̓atḥ	1
t̓a-yu·-a·čišt	1
ʔuː-ci·y̓uk	1
hita-c̓u·-sa(ƛ)	1
kaƛḥak	1
x̣ax	1
šaxʷ-kʷa	1
pu-ʼa·qƛ̓i(ƛ)	1
years	1
č	1
kamatqʷ-a·qtu·	1
kamatqʷ-ʼiːḥ	1
t̓an̓a-ckʷi·	1
qacc̓a-i·q-p̓it	1
qum̓aː-kʷi	1
pux-w̓isa·	1
puxʷ-ačišt	1
ʔuqƛ-n̓ukʷ	1
ʔuqƛ-n̓uk	1
hita-ʼaqƛ-sa(ƛ)	1
matak	1
ʔuna-ʔiː-ckʷi·	1
y̓aːqn̓aq	1
kamatqʷ-ʼa·qƛ̓i(ƛ)	1
hiɬ-ḥu·-ʼas	1
ʔu-ʕi(ƛ)	1
ʔiːč̓im-ckʷi·	1
ʔu-cḥi	1
ḥaʔuk-ʕi(ƛ)	1
ƛ̓aḥ-iqs	1
qʷi-c̓u·	1
hupaqʷ-anim	1
ʔana-i·ƛ	1
ɬuːč̓	1
šic-kʷa	1
x̣ic-kʷa	1
tak-sti·s-ckʷi·	1
n̓up-c̓iq-maːɬ	1
yak-quː-ʼa·	1
hapt-kʷa	1
hin-a·n̓uɬ	1
waɬaːk-ckʷi·	1
hiɬ-ʽi·s	1
nay̓aq	1
ʔu-l-ḥu·ɬ	1
kamatqʷ-ʼa·qƛ̓as	1
maːqtusiːs	1
qi-ʔiː-cuː	1
hita-ʼa·qƛ̓iƛ-cuː	1
hiɬ-n̓i·q-ʔis	1
dup-n̓ač-ma·p	1
kiƛ-kʷa	1
maʔaƛkac	1
quʔac-iːc	1
ʔaƛa-ʔi·(ƛ)	1
ʔu-a·s	1
ʔu-ʔi·ya-ačišt	1
sikʷi(ƛ)	1
ʔu-ʼi(ƛ)-ckʷi·	1
yaq-y̓i·ḥa	1
ʔu-yi	1
tea-ʼi·c	1
čamas	1
šuːkʷa·	1
ʔinkʷ-as	1
ʔinkʷ-as-ckʷi·-matak	1
pitiš-ʼatḥ	1
wicik	1
ƛ̓iḥmaɬqim	1
ʔuḥ…wa·…ʔi·š	1
sword	1
qu-m̓a·	1
n̓ačiqs	1
hisuɬta	1
ʔuqɬaːp-ckʷi·	1
sačk-sit	1
naq-tu·p	1
piskit-ckʷi·-matak	1
c̓isq-mis	1
ʔu-ʼi·c-ckʷi·-matak	1
n̓usx̣-is	1
hiːʕaḥs	1
qiː-ckʷi·	1
makʷ-ink	1
dup-ʔana-(č)ink	1
makʷ	1
quʔac-a·s	1
c̓awa·k	1
tiːč-maḥsa	1
ḥačat-suːp	1
ʔuːš-mis-na·k-cim	1
ʔuːš-mis-na·k	1
kʷis-ckʷi·	1
haʔum-n̓a·ḥ	1
t̓aqsiːʔiɬ	1
pis	1
kaɬapoːɬiya	1
qu-ʼi·c	1
ƛičḥsa	1
cacak̓is	1
qim-aɬ-it-wa·	1
č̓iḥ-su·qƛ	1
qʷi-čis-it	1
puːmaɬ-it	1
hatk-mi·ʔa	1
ʔa·ta	1
k̓aʔaqmis	1
hatkʷ	1
ʔac-ʔin	1
ʔu-kɬaː	1
ʼaḥs	1
wiḥi-sa(ƛ)	1
čam-p̓u·qs	1
huːʔak-sy̓uːč	1
k̓aːʔin	1
ciɬ	1
a·sc̓a	1
taːkšiƛ	1
n̓ač-ʼu·(ƛ)-ʼas	1
mixtuk	1
nawa·s-ʼas	1
ʕiqat-ʕin	1
ḥaːy̓iːs	1
muːɬ-ʔis	1
qʷaːʔuːc	1
ʔaƛa-čiɬ	1
kʷis-ʼatḥ-a	1
ʔiaḥʔaː	1
kʷis-ḥin	1
ƛiːsƛiːsaq-uɬ-ʼas	1
ʔuːš-c̓iːɬ	1
hawiː	1
ƛiːsƛiːsa	1
waɬaːkʷ	1
mamaɬn̓iq-a	1
wik-sčiːk	1
ḥaːy̓aq-ʼaːɬ	1
hiniːy̓uɬ	1
qʷa-(y)a·tuk	1
n̓ač-p-ʼa·ʔa	1
saya-ʔiː-p	1
ʔuʔumḥi-matak	1
qʷaː-sasa	1
huʔa-??-in	1
hita-ʼaqƛ-u·(ƛ)	1
ʔana-(č)iɬ	1
qum̓aː-či·ɬ	1
dup	1
dup-ciq	1
dup-ʔukʷa-(č)ink	1
saya-p̓inč	1
ʔuncukʷ-ʔis	1
miɬ-uːk	1
tuːpšiƛ	1
kuʔaɬ	1
tax̣	1
ʔu	1
m̓a-aqsuɬ	1
ʔaya,	1
kinaːḥ-ckʷi·	1
hita-inq-ʔis	1
m̓ukʷ-aqa	1
sačk-a	1
č̓i	1
maḥt̓iq-(č)iːɬ	1
čašk	1
sač̓ut-cqi·	1
qʷi-csapa-ḥi	1
ʔunukʷit	1
t̓aʔak	1
k̓ʷitx	1
ʔuʔinkʷit	1
c̓iš-p̓u·qs-mip̓it	1
c̓awa·-ʼa·qƛ̓as	1
quʔac	1
ʔu-l-yuʔaːɬ	1
sukʷi(ƛ)-ʼatuk	1
yuːɬ-ʼaƛ	1
ku	1
hiʔiːš	1
yac-ckʷi·	1
wiːʔak	1
č̓i·q-ʼaqa	1
m̓aː-aqsuːɬ	1
ʔu-(kʷ)i·ɬ	1
čamniḥta	1
ʔašx-tu·p	1
t̓ač	1
ʔanat̓uː-ʼas	1
qatqʷ	1
c̓us-ʼitap	1
waʔič-ʼas	1
ʔuna-či·ɬ	1
siy̓aːq	1
ḥayu-(č)ink	1
ḥaw̓iɬ-im-matak	1
n̓uːčyu	1
sačk	1
n̓ač-ʼatu	1
ʔuk-(k)tis	1
puːɬ	1
n̓ač	1
ƛ̓utx̣-iːk̓	1
wik-ʔaɬ-ʼaqstup-maḥsa	1
t̓iqʷ-ʼas	1
ʔatquː	1
qʷayaːc̓ik-m̓i·t-ckʷi·	1
tač-yu·	1
m̓ay̓uk	1
hita-ʔa·tqu-ʼiḥta	1
ša-ʼiḥta-im	1
m̓u	1
c̓a-ʼatu	1
ƛ̓up-mis	1
qi-ʔiː-ʼi·č	1
qi-ḥta	1
ʕita	1
ʔu-caqc̓u	1
qʷi-cpa·	1
yaːqƛ	1
ʕawatk	1
humaqƛ-ʼi·c	1
nu	1
nu-ʼi(ƛ)	1
n̓up-c̓iq-iːyas	1
c̓iḥati-iːyas	1
mustati-iːyas	1
n̓up	1
ḥaw̓iɬ-isim	1
ƛ̓is-imɬ	1
kʷaː	1
kuḥ-yu·	1
wik-st̓iːḥ-w̓it̓as	1
dup-ʔani-sapi	1
tak-aːt-ʔis	1
his-i·kʷ-asu·	1
kapx	1
ʔaḥkuː	1
tušaːk-it	1
qaḥʔeːy	1
ʕuy̓i-c̓u·	1
p̓atqʷ-sac	1
c̓a	1
ʔuḥ-matak	1
ʔaya-(c)sapi	1
saya-iːḥst-ʕaƛ	1
mis	1
mis-p̓u·qs-y̓i·ḥa	1
ʔayisaq-siɬa-w̓it̓as	1
ƛ-ʼi·ƛ	1
qac-a·s	1
c̓isimc	1
ʔuncukʷ	1
hita-aqƛiɬ	1
huʔa-ca·qs	1
qʷaː-qčik	1
ʕumaː	1
wiːnap-ʼi·ƛ	1
ʕuq	1
ḥus-p	1
hin-in-ckʷi·	1
c̓i-c̓uq	1
ʔana-ḥʷʼaɬ	1
č̓up	1
ƛawa-čaƛ	1
ča-ḥta·k	1
wiːnap-ʔi·(ƛ)	1
kʷa-ʔi·(ƛ)	1
waxʷ	1
muš	1
wimac	1
ʔaya-iːy̓ap	1
ʔu-cpinƛ	1
ʔu-ca-aːpi	1
wik-(w)aƛ	1
huʔa-a·n̓u	1
waʔič-ʼi(ƛ)	1
tak-a·n̓uː(ƛ)	1
ƛaʔu-(k)taq-api	1
hamip	1
ʔu-ʼi(ƛ)	1
ḥaaː	1
ɬipḥ	1
taː	1
taː-miːqƛa	1
hiɬ-api	1
m̓a-ʼatu	1
m̓a-waḥsuɬ	1
hiːʔaḥs	1
nuːtx-a·n̓uːp	1
c̓iwaːp	1
ʔana-iːḥtak	1
c̓iyup	1
tušaːk	1
c̓iːšcy̓ak	1
huʔaɬ	1
hita-inq-ʼu·(ƛ)	1
hitawa-ʼiːk	1
dup-hitawa-ʼiːk	1
qaḥ-tak	1
tač-kʷa	1
ḥiyiːḥi	1
tuxʷ-i·č	1
pisat	1
dup-p̓iš-wa·	1
dup-ƛuɬ-wa·	1
c̓awa-umɬ	1
ḥaːwi-m̓i·t	1
ʔani	1
haːciq	1
su-uːɬ	1
čisk-at	1
m̓uč-(q)u·(ƛ)	1
ʔaya-(č)iɬ	1
ʔiːnax-y̓aƛ	1
hiš-ʽiqsa-ʼatḥ	1
naːḥtač	1
ƛut-ƛuɬ	1
naːḥtač-m̓i·t	1
ḥuksum-m̓i·t	1
muːčʔaːʔa	1
qʷiš-tu·p	1
hiš-siːk	1
qum̓aː-ʔis	1
ʔana-imɬ	1
ʔaani	1
muːḥinƛ	1
ƛ̓iːxʷ-ma-(q)u·ɬ	1
yaːc-i	1
ƛuɬ-aq	1
hiš-yuːya	1
ḥaːy̓i	1
ʔax̣ʷ-yu·	1
t̓uc̓up	1
ḥačy̓im-štu·p	1
t̓aps-(y)a·	1
čim-c̓aq	1
hinic-ʼa·ʔa	1
čaq-ʔatu	1
nasqʷ	1
putq-w̓isa·	1
waxʷ-ckʷi·	1
c̓iš	1
ʕaqƛ-ʼakƛi	1
qačaː	1
qʷaː-ʔuk	1
qač	1
ʔu-cḥinƛ-st̓aɬ	1
hist-ʼi(ƛ)	1
ʕaʕa·sḥi	1
yaqʷ-cḥinƛ	1
nay̓aqak-šti·p	1
ʔiq-ḥi·	1
ʕic̓aːt	1
ʕic-t̓uːɬa	1
ʔaƛ-p̓it	1
saːntiː	1
n̓up-qumɬ	1
hiːs	1
čačum	1
ʔam̓a-in	1
ƛa-ʼitap	1
hiːɬ-čiːʕas	1
ƛa-ʼas-um	1
k̓ʷa-ḥta	1
t̓i-n̓i-ʽisan̓ap	1
ʔu-yi·ya	1
ʔi	1
ḥaːcḥuːɬ	1
čačum-ʽpitap	1
ʔaːy̓uːš-ḥy̓u·-ums	1
ʔi·ḥʷ-mis	1
yaqʷ-iːc-wa·s-w̓it̓as	1
qʷayac̓iːk-snaʕaːɬ	1
ʔu-na·kʷ	1
hiš-cuw̓aƛ	1
t̓aːqya-ʽiɬ	1
hinkiːc	1
ʔu-paːɬ	1
ƛayami-aɬa	1
yaqʷ-iːc-wa·s	1
huʔa-ayi·	1
wik-iːɬ	1
t̓aːtn̓a-na·k	1
huʔa-cḥi	1
qʷiːqsu	1
haʔum-taq	1
hiš-maʕuk	1
dup.ƛ-n̓i	1
paskit-iːɬ	1
č̓in̓uqƛ	1
dupcv-č̓iḥ-ḥɬi	1
ƛ̓aḥ-iqs-iːɬ	1
n̓uḥ	1
quːxsum	1
hiʔiːs-w̓it̓as	1
c̓us-ʼi·(ƛ)	1
m̓u-ʔakʷa	1
č̓ičmaq	1
his-sta·	1
t̓iqʷ-sči-piƛ	1
ʔuːš-y̓inƛ	1
haɬa·q-p̓uːƛ	1
ʔuːš-aḥta	1
hiš-aḥta	1
dupcv-č̓iḥ-ḥɬi·	1
ʔunič	1
hapt-ʽiɬ	1
n̓uḥ-yaq-ʽiɬ	1
ƛawa-qčik	1
miɬ	1
ƛ̓iːc̓uː	1
humwic̓a	1
c̓iːk-iːkʷ	1
haʔuk.	1
mis-p̓u·qs	1
yeː	1
haw̓-ʼik	1
naʔa·-p̓u·qs	1
yac-ma·s	1
mac	1
suːḥʷ-n̓a·ḥ	1
čums-m̓it	1
suːḥʷ-iːp	1
ʕač	1
ɬuːčma	1
ƛ̓apč-ʼi·tap	1
siqa	1
k̓ic-nu·xʷiɬ	1
ʔu-ca-ḥta·kʷ	1
ʕiqat	1
c̓ap	1
ʔu-naqa	1
nisw	1
waʔič-ʽpiƛ	1
haw̓a-ʼa·s	1
ʔayisaq-ʼaqƛ	1
dupcvː-c̓iːk-iːk	1
qʷaː-in̓ak̓uːḥ	1
ʔayisaq	1
qʷi-ʼi·c-ʼaːh	1
haʔum-na·k	1
wišq-ʼaqƛ	1
sumt	1
suːḥʷ-ašt	1
ʔaːʔaːtuː	1
qʷiː-ʼatup	1
naʔa·-ʼiːk	1
m̓aw̓aː	1
yaːʔaɬ	1
ʔu-ca·	1
qu	1
qʷis-aya	1
dupcvː-c̓iːk-iːk-kʷačiƛ	1
ʔu-ʼaɬuk	1
ƛaʔuː-cḥi	1
kʷis-dup…sa·ḥi	1
wik-ʔi·(ƛ)	1
ʔuːc̓uqʷaʔi	1
hačɬiːƛ-spa	1
naːḥt̓ač	1
ʔaːma	1
ʔana-uː	1
y̓uːqʷaː-ƛa·	1
ƛaʔu-(k)taq-ʼas	1
ʔaḥʔaː-ƛa·	1
c̓awa·	1
naʔaː-ataḥ-ʼi·sim	1
ʔuyiː	1
aɬa	1
ʔuːš-w̓in	1
ƛ̓ax	1
čiː-(kʷ)ituƛ	1
ʔaḥʔaːɬ	1
ʔu-t̓iʔiɬ	1
qʷea-ya·tuk	1
hin-ʔi·ʔatu	1
ʔiq-sa·cu	1
wi-ʔiː	1
ʔaqiʔištiːk	1
ḥacxʷinƛ	1
qukuːk	1
ʔu-(w)aƛ-ƛa·	1
ʔaƛ	1
hisa-qḥɬi	1
kʷaːc̓inuː	1
ḥiɬ	1
ƛaʔuːkʷiʔatḥ-spa	1
hita-ʼaqƛis	1
ḥačx-tu·p	1
qawiqa·ɬ	1
m̓uksy̓i-qc̓aƛ	1
t̓i-qs	1
ƛayuːkʷiƛ	1
qʷi-sa·ḥi	1
kʷis-sa·ḥi	1
tuč̓a-csiʔiɬ	1
hiš-ca	1
ʔaʔiːḥ	1
qacqas	1
waː-ƛa·	1
ʔu-pap	1
ḥačxʷi·-qčik	1
ʔuːkʷiːqstaƛ	1
dup-ʔu-kʷink	1
ḥan̓aḥtup	1
ʔaʔataɬ	1
cis-insʔiː	1
ƛiḥ-ʽsa(ƛ)	1
k̓ʷiny̓uqʷ-ʔis	1
ʼiḥta-ʼa·	1
wiḥi-ʽsan̓ap	1
ʔaya-qs-ƛa·	1
ʕac̓ik-ƛa·	1
dup-tušk-ʼiːḥ	1
ʔu-ʼinɬ	1
hinat	1
wiːqḥap-w̓it̓as-ʔaːš	1
ḥaʔukʷiƛ̓as	1
qaːḥiːta	1
c̓a-ʔiː-ʼa·	1
qʷis-ƛa·	1
ɬači(ƛ)	1
n̓uwiʔi·qsu	1
k̓acḥ-a·ɬ	1
tukʷ-aq-ʔin	1
ta-maɬ-n̓i·	1
wik-n̓i·	1
kʷis-ut-quː-ʼa	1
ʕaʕiƛ	1
ʼaqƛ-ʼiḥta	1
quːm̓a-ʔi·(ƛ)	1
ʔuːna-wa·	1
ʔuːš-(č)iɬ	1
c̓awa-(č)iɬ	1
kaː-pap	1
ʔuyi-??	1
č̓u-p̓u·qs	1
mux̣ʷ	1
hačɬatuqʷak	1
ʔukʷ-i·qsta-ckʷi·	1
hiš-ʼaːqsḥhin	1
tupkaːpiːḥ	1
ƛ̓is-it	1
ʔukʷi-čink	1
hiɬ-ʼa·ḥi	1
ʕac̓ik-ckʷi·	1
hiɬ-ʔaːḥi	1
piḥ-i·s	1
qʷiyu-matak	1
ƛawaː-ʼas	1
dupcv-ʔu·q	1
wa·ɬ-ʼaqstu(ƛ)	1
k̓at	1
haw̓a-ca·q	1
t̓iqs-ʽpiƛ	1
našaːk	1
haʔuk-w̓it̓as	1
qʷi-ʼi·c-w̓it̓as	1
wa·ɬ-ʼaqƛ	1
n̓ač-maɬ-api	1
tumq	1
tu-wa·s	1
č̓am-aḥuːp	1
ƛaya-ʔum-č	1
huʔa-ʔa·s	1
k̓ama-qs	1
haw̓a-api	1
puʕaɬʔatu	1
w̓ana	1
waːsniːp-m̓it	1
yaːʔaɬ-ʼa·s	1
c̓iːk-s-ʼiːk	1
wa·ɬ-c̓an̓aq	1
yac-sit-ʽsaƛ	1
ʔu-kš	1
kamatqʷ-maɬ-api	1
ʔu-ma·p-ʼiːk	1
ʕiq	1
wim̓aːqstu(ƛ)	1
tuxʷ-mi·s	1
suː	1
ʕam̓aːk̓ʷaɬ	1
c̓iːk-ʼiːk	1
waɬ-kʷa	1
xʷak-yu·	1
ƛukʷatq-caqa	1
ƛ̓iːʔiɬ	1
ƛuːkʷaːna-w̓it̓as	1
manuːʔisʔatḥ	1
ʔuːš-cpa·	1
suč̓a-p̓it	1
suč̓a-i·q	1
hiš-uːs	1
hita-ʔa·tu	1
nuːtiːc	1
hita-ʼatu	1
ʽpitap	1
t̓i	1
ƛ̓učum	1
wiƛ̓uk	1
sa-(y)i·ʔiƛ	1
c̓iːqaː	1
y̓imy̓aːx	1
m̓aːsuːɬ	1
hiɬ-tqyaːpaɬ	1
sa-ʕaːq-uɬw-ʼaʔ	1
sa-ʕaːq-uɬw-ʼa·ʔa·	1
saː-csuḥta	1
hiniːc-c̓i(ƛ)	1
sus-w̓isč-ʼaʔa·	1
hiniːc-c̓i	1
k̓aḥ-api	1
saya-a·č̓a-matak	1
qʷa-(y)a·tukʷ	1
hita-ḥt-ʼu·ɬ	1
sa-ʕaːq-uɬw-ʼa·ʔa	1
qʷaː-cxkʷi·	1
tak-st̓uq-ʼiƛ	1
ƛaʔuː-ʼi(ƛ)	1
ƛ̓apḥ	1
taːyiː	1
hin-iːc-c̓i	1
qʷayaːc̓ik-sa	1
tak-a·qtu·	1
mačɬiː	1
mačɬaːtʔatḥ	1
maːn̓uːʔisʔatḥ-iːc	1
c̓iːq-y̓ak	1
hiɬ-ʼatḥ-ckʷi·	1
nuča·ɬʔatḥ	1
ʔiq-ʔiː-ʼas	1
wiːnapi	1
hin-ʔaɬ-ʼaqƛ	1
ʔuyaː	1
hiɬ-sti·s	1
tak-wiːʔa	1
ʔuːʔuːkiniš	1
č̓aʔuš-ʼi·c	1
dup-ʔaya-ʼaqƛ-api	1
ʔumaːk	1
tuxʷiːḥa	1
dup-č̓iːk-ḥta	1
sa	1
muː-twi·ʔiɬ	1
ʔiq-sčiːk	1
w̓apuːkḥ	1
hita-wiːʔis	1
tupq-ʼaqstu(ƛ)	1
ƛ̓atḥ-api	1
ƛ̓atḥak	1
kaps-api	1
miɬ-imy̓uːƛ	1
ʔunc̓uk-ʔis	1
ʔuːš-saːc̓u	1
ʕaʔuk-aq	1
ḥismis	1
hiɬ-aqsi-ʔis	1
ʔiiːḥ	1
haʔum-caqa	1
dup#-mukʷ	1
k̓uː-č-ʼiːḥ	1
dup#-c̓iːq	1
qʷay-a·tuk	1
ɬisping	1
woɬves	1
huːʕiːʔatḥ	1
qum̓aː-uːs	1
maḥt̓i·	1
qum̓aː-aqƛ̓-ʼas	1
kʷis-ḥi·-ʼin…a·tuk	1
qʷi-ʕin	1
hašiɬ	1
ƛ̓ay̓u	1
his-i·k-ʼa·qƛ̓as	1
ʔu-ʔinkʷ	1
našuk	1
ƛ̓ač	1
t̓aḥ-ʔi·(ƛ)	1
ḥa-caqc̓in(ƛ)	1
niːyaː-ʼatḥ	1
saya-ck	1
ʔiːqḥ-y̓akʷ	1
hita-(c)suḥta	1
katx-kʷisa-as	1
hiɬ-tqyaːp̓iː-ʼas	1
wik-ʔiː	1
wik-matak	1
ʔuna-č̓a	1
m̓a-y̓uk	1
č̓a-ʼiƛ	1
hawiɬ-ču·	1
ʔiq-yuːya	1
c̓uš-imɬ	1
nasq	1
kutḥ-y̓ak	1
ʔaːʔiːktaqyu-ckʷi·	1
ƛ̓učqak	1
ʔiq-m̓a·-k̓uk	1
paƛ-ḥaː	1
dup-ʔiq-m̓a·-c̓u·	1
ʔanat̓uː	1
yaqʷ-čiː-ʽiɬ	1
ʔink-ʽiɬ	1
paƛk	1
hiɬ-cqi·-na·k	1
n̓aːcsa-na·k	1
nuːtx	1
sa-csuḥta	1
hist	1
hiš-taq	1
ʔuʔiːp	1
yimɬ	1
kitxʷ-matak-ckʷi·-ʔaːɬ-uk…čik	1
nak	1
ʕuy̓i-na·k	1
ḥis	1
ʔu-y̓a·	1
his-y̓ak	1
ʔiːčim	1
č̓it-iːt-yaq-pi(ƛ)	1
cubicɬe	1
kuːkuḥʷʼisa-ʼuqs	1
ʔaƛa-qs	1
ʕuy̓i-aːƛ	1
ʔaƛakʷaɬ-taqimɬ	1
suč̓a	1
nup̓uː	1
ʔaƛp̓uː	1
ʔaƛakʷaɬ-sa·ḥtak	1
ʔu-ʔinḥ	1
hiːniːcc̓i	1
ḥa-caqc̓u·-saƛ	1
mačɬiʔatḥ	1
kʷis-caqc̓uqʷ-ʔis	1
t̓uk̓ʷaːʔatḥ	1
yuːɬuʔiɬʔatḥ	1
huːʕiʔatḥ	1
ʔu-(č)iɬ	1
ɬuč-ḥa·	1
ʔu-stukḥ	1
wiːy̓imt	1
qʷi-yu·	1
ʔu-ʔiː	1
tič̓im	1
tuxʷ	1
kimy̓aqis	1
p̓ap̓iː	1
ḥan̓uː-ʼas	1
hašiy̓in	1
qʷis-tu·p	1
ʔu-n̓aḥi	1
t̓iqʷ-a·n̓u-ʽsaƛ	1
čam-a·s	1
qiː-yas	1
ʔaqis	1
yaqʷ-iːɬ	1
yaxʷ-maɬ-api	1
hiniː	1
kʷi·sc-maɬ-snaʕaːɬ	1
qʷaː-cum	1
hiɬ-cu·t	1
wa·waɬ-p̓ičḥ	1
čat-cu·t-ʼum	1
kʷi-y̓akʷ	1
kʷiːs-ca-a·pi	1
kʷi-č̓akʷ	1
tupk-api	1
kʷi-ckʷi·	1
tu-ʔaɬa	1
muk-ʼa·qƛ̓iƛ	1
ʔu-ʼatup	1
kʷiːs-ca-ʔa·p	1
kʷis-ca-ʔa·p-uƛ	1
čaʔaːɬči	1
sus-ačišt	1
ƛ̓uq	1
kapxʷ	1
ʔani-(š)tis-wa·	1
hayum	1
yaq-ink	1
