text	tokens
ChapmanDebbie	10955
GregoryAvis	10198
WorthingtonFrances	6751
BorelRaymondHydeII	6327
LloydTabatha	4661
FrancisClem	4585
ArguetaBertila-ENG	4166
SheltonMichael	4059
JamiesonSean	3561
MevilleSusan	3428
GubbinsPat	3279
sw2712-ms98-a-trans	3097
WenlyRichard	2906
FlonoFannie	2884
sw2535-ms98-a-trans	2856
NesbittFrank	2854
MillsJanie	2825
sw2798-ms98-a-trans	2788
sw2427-ms98-a-trans	2766
sw2368-ms98-a-trans	2765
sw2224-ms98-a-trans	2700
sw2855-ms98-a-trans	2692
sw2199-ms98-a-trans	2684
HebardCliff	2678
McCloskeyKevin	2673
sw2488-ms98-a-trans	2672
WentzLinda	2670
sw2922-ms98-a-trans	2665
sw2970-ms98-a-trans	2665
AdinolfiDavidandGail	2659
WentzLarry	2659
sw2875-ms98-a-trans	2650
AverittShannon	2639
sw2629-ms98-a-trans	2636
sw2812-ms98-a-trans	2635
sw2811-ms98-a-trans	2629
PrevatteStephanie	2624
sw2643-ms98-a-trans	2609
sw2479-ms98-a-trans	2604
sw2173-ms98-a-trans	2589
sw2443-ms98-a-trans	2589
sw2278-ms98-a-trans	2584
sw2533-ms98-a-trans	2579
sw2370-ms98-a-trans	2547
FeberAngelina	2541
sw2490-ms98-a-trans	2537
sw2428-ms98-a-trans	2534
sw2281-ms98-a-trans	2533
sw2497-ms98-a-trans	2525
sw2921-ms98-a-trans	2515
sw2198-ms98-a-trans	2510
sw2630-ms98-a-trans	2509
sw2757-ms98-a-trans	2506
sw2061-ms98-a-trans	2503
sw2255-ms98-a-trans	2500
sw2869-ms98-a-trans	2496
sw2419-ms98-a-trans	2495
sw2169-ms98-a-trans	2490
sw2692-ms98-a-trans	2489
sw2464-ms98-a-trans	2477
sw2716-ms98-a-trans	2468
sw2925-ms98-a-trans	2467
CerdaAdam	2466
sw2641-ms98-a-trans	2459
sw2172-ms98-a-trans	2456
sw2340-ms98-a-trans	2456
sw2884-ms98-a-trans	2453
sw2831-ms98-a-trans	2438
sw2752-ms98-a-trans	2436
sw2944-ms98-a-trans	2434
sw2867-ms98-a-trans	2433
sw2924-ms98-a-trans	2433
sw2273-ms98-a-trans	2429
sw2941-ms98-a-trans	2426
sw2460-ms98-a-trans	2422
sw2667-ms98-a-trans	2422
sw2788-ms98-a-trans	2419
PutnamScott	2418
sw2854-ms98-a-trans	2417
sw2408-ms98-a-trans	2415
sw2679-ms98-a-trans	2414
sw2193-ms98-a-trans	2412
sw2257-ms98-a-trans	2410
sw2582-ms98-a-trans	2400
sw2485-ms98-a-trans	2397
sw2733-ms98-a-trans	2396
sw2852-ms98-a-trans	2395
sw2258-ms98-a-trans	2390
sw2621-ms98-a-trans	2388
FarrowThomas	2387
sw2499-ms98-a-trans	2386
sw2705-ms98-a-trans	2385
sw2447-ms98-a-trans	2384
sw2569-ms98-a-trans	2384
LowranceSally	2380
sw2158-ms98-a-trans	2378
sw2732-ms98-a-trans	2376
sw2606-ms98-a-trans	2374
sw2190-ms98-a-trans	2365
sw2179-ms98-a-trans	2364
sw2760-ms98-a-trans	2364
sw2863-ms98-a-trans	2364
sw2435-ms98-a-trans	2359
sw2561-ms98-a-trans	2359
WhiteChristine	2350
GillardSylvia	2347
sw2136-ms98-a-trans	2347
sw2713-ms98-a-trans	2346
sw2961-ms98-a-trans	2344
sw2433-ms98-a-trans	2336
sw2588-ms98-a-trans	2334
sw2658-ms98-a-trans	2334
GavinJeff	2332
sw2912-ms98-a-trans	2331
sw2405-ms98-a-trans	2329
sw2650-ms98-a-trans	2328
sw2723-ms98-a-trans	2327
sw2926-ms98-a-trans	2326
NapierDianne	2322
sw2707-ms98-a-trans	2322
sw2631-ms98-a-trans	2317
sw2317-ms98-a-trans	2316
sw2254-ms98-a-trans	2312
sw2345-ms98-a-trans	2312
sw2430-ms98-a-trans	2307
sw2201-ms98-a-trans	2306
sw2839-ms98-a-trans	2306
sw2238-ms98-a-trans	2303
sw2377-ms98-a-trans	2303
sw2155-ms98-a-trans	2302
sw2300-ms98-a-trans	2302
sw2685-ms98-a-trans	2302
sw2065-ms98-a-trans	2301
sw2726-ms98-a-trans	2301
MillerFlora	2300
CheezemBurt	2299
sw2721-ms98-a-trans	2299
sw2507-ms98-a-trans	2297
sw2594-ms98-a-trans	2297
sw2861-ms98-a-trans	2297
sw2592-ms98-a-trans	2296
sw2911-ms98-a-trans	2296
sw3110-ms98-a-trans	2296
sw2386-ms98-a-trans	2293
sw2841-ms98-a-trans	2293
sw2791-ms98-a-trans	2291
sw2176-ms98-a-trans	2288
sw2237-ms98-a-trans	2283
sw2342-ms98-a-trans	2282
sw2473-ms98-a-trans	2279
sw2715-ms98-a-trans	2275
sw2468-ms98-a-trans	2273
sw2802-ms98-a-trans	2272
SpeckmanNancy	2269
sw2203-ms98-a-trans	2269
sw2536-ms98-a-trans	2269
sw2240-ms98-a-trans	2264
sw2523-ms98-a-trans	2262
sw2671-ms98-a-trans	2261
sw2859-ms98-a-trans	2261
sw2898-ms98-a-trans	2260
sw2141-ms98-a-trans	2259
sw2885-ms98-a-trans	2256
sw2027-ms98-a-trans	2254
sw2669-ms98-a-trans	2252
sw2598-ms98-a-trans	2250
sw2245-ms98-a-trans	2249
sw2440-ms98-a-trans	2247
sw2431-ms98-a-trans	2245
sw2806-ms98-a-trans	2245
sw2078-ms98-a-trans	2242
sw2642-ms98-a-trans	2242
sw2389-ms98-a-trans	2240
sw2682-ms98-a-trans	2238
sw2786-ms98-a-trans	2234
sw2493-ms98-a-trans	2233
sw2612-ms98-a-trans	2232
sw2628-ms98-a-trans	2232
sw2303-ms98-a-trans	2227
sw2821-ms98-a-trans	2227
sw2615-ms98-a-trans	2226
sw2252-ms98-a-trans	2224
sw2654-ms98-a-trans	2223
sw2832-ms98-a-trans	2221
sw2614-ms98-a-trans	2219
sw2938-ms98-a-trans	2219
sw2452-ms98-a-trans	2217
sw2668-ms98-a-trans	2217
sw2814-ms98-a-trans	2211
sw2956-ms98-a-trans	2211
sw2284-ms98-a-trans	2210
sw2554-ms98-a-trans	2210
sw2315-ms98-a-trans	2209
FunkBernie	2207
sw2423-ms98-a-trans	2206
sw2879-ms98-a-trans	2205
ThomasLamar	2202
sw2913-ms98-a-trans	2202
sw2525-ms98-a-trans	2201
CoxJeremy	2200
sw2398-ms98-a-trans	2200
sw2609-ms98-a-trans	2198
sw2369-ms98-a-trans	2193
HouseJennifer	2191
sw2570-ms98-a-trans	2189
sw2522-ms98-a-trans	2185
sw2116-ms98-a-trans	2184
sw2676-ms98-a-trans	2184
sw2232-ms98-a-trans	2182
sw2253-ms98-a-trans	2182
sw2439-ms98-a-trans	2182
sw2521-ms98-a-trans	2182
sw2041-ms98-a-trans	2178
sw3109-ms98-a-trans	2171
sw2181-ms98-a-trans	2170
sw2202-ms98-a-trans	2170
sw2801-ms98-a-trans	2170
sw2871-ms98-a-trans	2169
sw2580-ms98-a-trans	2168
sw2277-ms98-a-trans	2167
sw2476-ms98-a-trans	2167
sw2633-ms98-a-trans	2167
sw2562-ms98-a-trans	2166
sw2768-ms98-a-trans	2166
sw2860-ms98-a-trans	2166
sw2823-ms98-a-trans	2165
sw2354-ms98-a-trans	2163
StackCarmen	2161
sw2221-ms98-a-trans	2160
sw2355-ms98-a-trans	2159
sw2361-ms98-a-trans	2159
sw2150-ms98-a-trans	2158
sw2504-ms98-a-trans	2156
sw2566-ms98-a-trans	2156
sw2437-ms98-a-trans	2153
sw2329-ms98-a-trans	2152
sw2514-ms98-a-trans	2152
sw2608-ms98-a-trans	2152
sw2517-ms98-a-trans	2151
sw2595-ms98-a-trans	2150
sw2604-ms98-a-trans	2147
sw2909-ms98-a-trans	2147
sw2469-ms98-a-trans	2146
sw2936-ms98-a-trans	2143
sw2362-ms98-a-trans	2141
sw2410-ms98-a-trans	2137
sw2332-ms98-a-trans	2136
sw2013-ms98-a-trans	2135
sw2693-ms98-a-trans	2134
sw2763-ms98-a-trans	2134
sw2344-ms98-a-trans	2133
sw2648-ms98-a-trans	2133
sw2952-ms98-a-trans	2132
sw2696-ms98-a-trans	2130
sw2044-ms98-a-trans	2129
sw2185-ms98-a-trans	2128
sw2260-ms98-a-trans	2128
JenkinsJoe	2127
GoodroeBarbara	2126
sw2338-ms98-a-trans	2123
sw2603-ms98-a-trans	2123
sw2012-ms98-a-trans	2121
sw2697-ms98-a-trans	2119
sw2062-ms98-a-trans	2116
sw2283-ms98-a-trans	2116
sw2418-ms98-a-trans	2116
sw2310-ms98-a-trans	2110
sw2847-ms98-a-trans	2109
sw2392-ms98-a-trans	2106
sw2108-ms98-a-trans	2105
sw2573-ms98-a-trans	2104
sw2456-ms98-a-trans	2103
sw2953-ms98-a-trans	2103
sw2575-ms98-a-trans	2102
sw2288-ms98-a-trans	2101
sw2396-ms98-a-trans	2101
sw2333-ms98-a-trans	2100
sw2352-ms98-a-trans	2100
WynnTammi	2098
sw2706-ms98-a-trans	2098
sw2969-ms98-a-trans	2098
sw2381-ms98-a-trans	2097
sw2772-ms98-a-trans	2097
sw2187-ms98-a-trans	2096
sw2197-ms98-a-trans	2096
sw2762-ms98-a-trans	2096
sw2328-ms98-a-trans	2094
sw2803-ms98-a-trans	2094
sw2269-ms98-a-trans	2092
sw2792-ms98-a-trans	2091
sw2834-ms98-a-trans	2091
sw2363-ms98-a-trans	2090
sw2510-ms98-a-trans	2090
sw2666-ms98-a-trans	2089
sw2870-ms98-a-trans	2085
sw2775-ms98-a-trans	2084
sw2107-ms98-a-trans	2083
sw2220-ms98-a-trans	2082
sw2670-ms98-a-trans	2080
sw2709-ms98-a-trans	2079
sw2149-ms98-a-trans	2078
sw2289-ms98-a-trans	2078
sw2584-ms98-a-trans	2078
sw2020-ms98-a-trans	2076
sw2627-ms98-a-trans	2076
sw2718-ms98-a-trans	2076
sw2487-ms98-a-trans	2074
sw2771-ms98-a-trans	2074
sw2513-ms98-a-trans	2073
sw2586-ms98-a-trans	2072
sw2235-ms98-a-trans	2071
sw2378-ms98-a-trans	2070
sw2784-ms98-a-trans	2070
sw2459-ms98-a-trans	2067
sw2727-ms98-a-trans	2067
sw2282-ms98-a-trans	2066
sw2687-ms98-a-trans	2066
sw2837-ms98-a-trans	2065
sw2306-ms98-a-trans	2062
sw2731-ms98-a-trans	2062
sw2528-ms98-a-trans	2061
sw2853-ms98-a-trans	2061
sw2937-ms98-a-trans	2059
sw2393-ms98-a-trans	2057
sw2756-ms98-a-trans	2056
sw2659-ms98-a-trans	2055
sw2359-ms98-a-trans	2054
sw2736-ms98-a-trans	2054
sw2196-ms98-a-trans	2053
sw2429-ms98-a-trans	2053
sw2531-ms98-a-trans	2051
sw2680-ms98-a-trans	2050
sw2916-ms98-a-trans	2047
sw2829-ms98-a-trans	2046
sw2285-ms98-a-trans	2044
sw3050-ms98-a-trans	2044
sw2526-ms98-a-trans	2043
sw2717-ms98-a-trans	2042
sw2174-ms98-a-trans	2039
sw2186-ms98-a-trans	2038
sw2543-ms98-a-trans	2037
sw2690-ms98-a-trans	2037
sw2496-ms98-a-trans	2035
sw2230-ms98-a-trans	2031
sw2131-ms98-a-trans	2030
sw2748-ms98-a-trans	2030
sw2939-ms98-a-trans	2028
sw2166-ms98-a-trans	2026
sw2505-ms98-a-trans	2024
sw2960-ms98-a-trans	2023
sw2780-ms98-a-trans	2021
sw2825-ms98-a-trans	2020
sw2585-ms98-a-trans	2019
sw2943-ms98-a-trans	2017
sw2966-ms98-a-trans	2017
sw2432-ms98-a-trans	2016
sw2404-ms98-a-trans	2015
sw2701-ms98-a-trans	2013
sw2958-ms98-a-trans	2013
sw2646-ms98-a-trans	2011
sw2815-ms98-a-trans	2010
sw2206-ms98-a-trans	2008
sw2279-ms98-a-trans	2006
sw2781-ms98-a-trans	2005
sw2920-ms98-a-trans	2003
sw2551-ms98-a-trans	2000
sw2797-ms98-a-trans	2000
sw2999-ms98-a-trans	2000
sw2618-ms98-a-trans	1998
sw2663-ms98-a-trans	1998
sw2511-ms98-a-trans	1997
sw2623-ms98-a-trans	1997
sw2445-ms98-a-trans	1996
sw2647-ms98-a-trans	1995
sw2836-ms98-a-trans	1994
sw2233-ms98-a-trans	1993
sw2552-ms98-a-trans	1993
sw2500-ms98-a-trans	1992
sw2893-ms98-a-trans	1988
sw2954-ms98-a-trans	1988
sw2719-ms98-a-trans	1987
sw2914-ms98-a-trans	1987
sw2057-ms98-a-trans	1985
sw2331-ms98-a-trans	1985
sw2502-ms98-a-trans	1984
sw2529-ms98-a-trans	1983
sw2735-ms98-a-trans	1983
sw2484-ms98-a-trans	1982
sw2164-ms98-a-trans	1981
sw2568-ms98-a-trans	1981
sw2634-ms98-a-trans	1981
sw2882-ms98-a-trans	1981
sw2275-ms98-a-trans	1980
sw2968-ms98-a-trans	1980
sw2308-ms98-a-trans	1978
sw2539-ms98-a-trans	1978
sw2347-ms98-a-trans	1976
sw2390-ms98-a-trans	1976
sw2327-ms98-a-trans	1975
sw2635-ms98-a-trans	1970
sw2942-ms98-a-trans	1970
DeLuciaBrian	1968
sw2959-ms98-a-trans	1968
sw2611-ms98-a-trans	1967
sw2292-ms98-a-trans	1960
sw2348-ms98-a-trans	1960
sw2818-ms98-a-trans	1954
sw2249-ms98-a-trans	1953
sw2422-ms98-a-trans	1953
sw2613-ms98-a-trans	1952
sw2583-ms98-a-trans	1951
sw2777-ms98-a-trans	1951
sw2746-ms98-a-trans	1950
sw2931-ms98-a-trans	1950
sw2023-ms98-a-trans	1947
sw2162-ms98-a-trans	1947
sw2700-ms98-a-trans	1946
sw2789-ms98-a-trans	1946
StJohnEric	1944
sw2316-ms98-a-trans	1944
sw3043-ms98-a-trans	1944
sw2729-ms98-a-trans	1942
sw2747-ms98-a-trans	1941
sw2397-ms98-a-trans	1939
sw2878-ms98-a-trans	1939
sw2470-ms98-a-trans	1938
sw2769-ms98-a-trans	1933
sw2182-ms98-a-trans	1932
sw2121-ms98-a-trans	1929
sw2578-ms98-a-trans	1929
sw2313-ms98-a-trans	1928
ManserAlexis	1924
sw2305-ms98-a-trans	1923
sw2822-ms98-a-trans	1923
sw2503-ms98-a-trans	1922
sw2617-ms98-a-trans	1919
sw2616-ms98-a-trans	1916
sw2917-ms98-a-trans	1916
sw2720-ms98-a-trans	1915
sw2318-ms98-a-trans	1914
sw2171-ms98-a-trans	1912
sw2417-ms98-a-trans	1911
sw2515-ms98-a-trans	1911
sw2827-ms98-a-trans	1910
sw2157-ms98-a-trans	1908
sw2407-ms98-a-trans	1908
sw2610-ms98-a-trans	1907
sw2773-ms98-a-trans	1906
sw2657-ms98-a-trans	1905
sw2964-ms98-a-trans	1905
sw2382-ms98-a-trans	1904
sw2579-ms98-a-trans	1904
sw2372-ms98-a-trans	1903
sw2438-ms98-a-trans	1903
sw2481-ms98-a-trans	1901
sw2737-ms98-a-trans	1901
sw2453-ms98-a-trans	1900
ReidSandra	1899
sw2334-ms98-a-trans	1899
sw2589-ms98-a-trans	1899
sw2734-ms98-a-trans	1897
sw2534-ms98-a-trans	1894
sw2891-ms98-a-trans	1894
sw2866-ms98-a-trans	1893
sw3117-ms98-a-trans	1892
sw2038-ms98-a-trans	1890
sw2337-ms98-a-trans	1888
sw2246-ms98-a-trans	1886
sw2379-ms98-a-trans	1885
sw2872-ms98-a-trans	1884
sw2764-ms98-a-trans	1883
sw2918-ms98-a-trans	1883
sw2564-ms98-a-trans	1882
MorrisKatie	1881
sw2243-ms98-a-trans	1880
sw2945-ms98-a-trans	1878
sw3058-ms98-a-trans	1878
sw2758-ms98-a-trans	1874
sw2820-ms98-a-trans	1872
ShamblinGladys	1871
sw2714-ms98-a-trans	1870
sw2491-ms98-a-trans	1868
sw3069-ms98-a-trans	1868
sw2294-ms98-a-trans	1867
sw2477-ms98-a-trans	1866
sw2111-ms98-a-trans	1863
sw2380-ms98-a-trans	1863
sw2465-ms98-a-trans	1863
sw2458-ms98-a-trans	1862
sw2353-ms98-a-trans	1861
sw2571-ms98-a-trans	1861
CottonGloria	1858
sw2343-ms98-a-trans	1857
sw2750-ms98-a-trans	1856
sw2194-ms98-a-trans	1853
sw2110-ms98-a-trans	1852
sw2826-ms98-a-trans	1849
sw2436-ms98-a-trans	1848
sw2724-ms98-a-trans	1843
sw2710-ms98-a-trans	1842
sw2817-ms98-a-trans	1840
sw2463-ms98-a-trans	1839
sw2776-ms98-a-trans	1839
sw2335-ms98-a-trans	1838
sw2787-ms98-a-trans	1835
sw2799-ms98-a-trans	1833
sw2411-ms98-a-trans	1831
sw2990-ms98-a-trans	1830
sw2165-ms98-a-trans	1829
sw2319-ms98-a-trans	1829
sw2509-ms98-a-trans	1829
sw2395-ms98-a-trans	1827
sw2518-ms98-a-trans	1825
sw2624-ms98-a-trans	1819
sw2783-ms98-a-trans	1818
sw2486-ms98-a-trans	1815
sw2444-ms98-a-trans	1813
sw2672-ms98-a-trans	1812
sw2557-ms98-a-trans	1811
sw3074-ms98-a-trans	1808
PropstKenny	1804
sw2050-ms98-a-trans	1802
sw2096-ms98-a-trans	1800
sw2662-ms98-a-trans	1797
sw2840-ms98-a-trans	1793
sw2122-ms98-a-trans	1787
sw2928-ms98-a-trans	1787
sw3013-ms98-a-trans	1781
sw2873-ms98-a-trans	1779
sw2767-ms98-a-trans	1778
sw2868-ms98-a-trans	1777
sw2005-ms98-a-trans	1775
sw2550-ms98-a-trans	1773
sw3073-ms98-a-trans	1773
sw2951-ms98-a-trans	1769
sw2848-ms98-a-trans	1768
sw2877-ms98-a-trans	1767
sw2139-ms98-a-trans	1760
sw2153-ms98-a-trans	1760
sw3089-ms98-a-trans	1759
sw3066-ms98-a-trans	1757
sw3102-ms98-a-trans	1756
sw2600-ms98-a-trans	1754
sw3019-ms98-a-trans	1754
sw2415-ms98-a-trans	1753
sw2446-ms98-a-trans	1753
sw3055-ms98-a-trans	1751
sw2638-ms98-a-trans	1750
sw2572-ms98-a-trans	1749
sw2813-ms98-a-trans	1749
sw2675-ms98-a-trans	1748
sw3122-ms98-a-trans	1748
sw3061-ms98-a-trans	1747
sw2622-ms98-a-trans	1746
sw3064-ms98-a-trans	1746
sw2467-ms98-a-trans	1744
sw2688-ms98-a-trans	1743
sw2728-ms98-a-trans	1743
sw2530-ms98-a-trans	1741
sw2597-ms98-a-trans	1740
sw2708-ms98-a-trans	1740
sw2506-ms98-a-trans	1739
sw2888-ms98-a-trans	1738
sw2350-ms98-a-trans	1737
sw2366-ms98-a-trans	1737
sw2940-ms98-a-trans	1737
sw3085-ms98-a-trans	1737
sw2738-ms98-a-trans	1736
sw2290-ms98-a-trans	1735
sw3115-ms98-a-trans	1735
sw3099-ms98-a-trans	1733
sw2950-ms98-a-trans	1732
sw2307-ms98-a-trans	1731
sw2665-ms98-a-trans	1727
sw3112-ms98-a-trans	1724
EmrichDavid	1722
sw2152-ms98-a-trans	1721
sw2862-ms98-a-trans	1720
sw3077-ms98-a-trans	1715
sw2778-ms98-a-trans	1714
sw3090-ms98-a-trans	1713
sw2923-ms98-a-trans	1712
sw2102-ms98-a-trans	1711
sw2387-ms98-a-trans	1710
sw2205-ms98-a-trans	1707
sw2242-ms98-a-trans	1706
sw2982-ms98-a-trans	1702
sw2286-ms98-a-trans	1699
sw3035-ms98-a-trans	1699
sw2896-ms98-a-trans	1697
sw2537-ms98-a-trans	1695
sw2234-ms98-a-trans	1693
sw3060-ms98-a-trans	1690
sw2983-ms98-a-trans	1686
sw2702-ms98-a-trans	1682
sw3127-ms98-a-trans	1681
sw2312-ms98-a-trans	1679
sw2320-ms98-a-trans	1678
sw3068-ms98-a-trans	1678
sw2262-ms98-a-trans	1677
sw2684-ms98-a-trans	1677
sw2406-ms98-a-trans	1676
sw3087-ms98-a-trans	1676
sw2040-ms98-a-trans	1674
sw2962-ms98-a-trans	1674
sw3031-ms98-a-trans	1674
sw2229-ms98-a-trans	1673
sw3124-ms98-a-trans	1672
sw3016-ms98-a-trans	1671
sw3046-ms98-a-trans	1671
sw2508-ms98-a-trans	1669
sw2365-ms98-a-trans	1668
sw3041-ms98-a-trans	1668
sw2932-ms98-a-trans	1663
sw2489-ms98-a-trans	1662
sw3141-ms98-a-trans	1662
sw2695-ms98-a-trans	1658
sw2545-ms98-a-trans	1657
sw3138-ms98-a-trans	1654
sw2605-ms98-a-trans	1649
sw2804-ms98-a-trans	1647
sw2576-ms98-a-trans	1646
sw3130-ms98-a-trans	1646
sw2637-ms98-a-trans	1644
sw2461-ms98-a-trans	1643
sw2519-ms98-a-trans	1642
sw2547-ms98-a-trans	1642
sw2424-ms98-a-trans	1641
sw2892-ms98-a-trans	1641
sw2987-ms98-a-trans	1641
sw3020-ms98-a-trans	1640
sw3045-ms98-a-trans	1640
sw3136-ms98-a-trans	1638
sw2649-ms98-a-trans	1637
sw2341-ms98-a-trans	1636
sw2457-ms98-a-trans	1634
sw3057-ms98-a-trans	1633
sw3048-ms98-a-trans	1631
sw2374-ms98-a-trans	1630
sw3097-ms98-a-trans	1628
sw2556-ms98-a-trans	1627
sw2466-ms98-a-trans	1626
sw3111-ms98-a-trans	1625
sw2844-ms98-a-trans	1624
sw2785-ms98-a-trans	1623
sw3032-ms98-a-trans	1622
sw2739-ms98-a-trans	1619
sw2828-ms98-a-trans	1619
sw3135-ms98-a-trans	1619
sw3075-ms98-a-trans	1618
sw3131-ms98-a-trans	1617
sw3098-ms98-a-trans	1616
sw2979-ms98-a-trans	1614
sw2226-ms98-a-trans	1613
sw2339-ms98-a-trans	1612
sw3051-ms98-a-trans	1612
sw2835-ms98-a-trans	1611
sw2371-ms98-a-trans	1609
sw3144-ms98-a-trans	1609
sw2965-ms98-a-trans	1608
sw2673-ms98-a-trans	1607
sw2051-ms98-a-trans	1606
sw2287-ms98-a-trans	1605
ThomasKay	1604
sw2154-ms98-a-trans	1604
sw3024-ms98-a-trans	1602
sw2967-ms98-a-trans	1601
sw2236-ms98-a-trans	1600
sw2268-ms98-a-trans	1600
sw2291-ms98-a-trans	1600
sw2730-ms98-a-trans	1600
sw3062-ms98-a-trans	1598
sw3121-ms98-a-trans	1598
sw2028-ms98-a-trans	1597
sw2346-ms98-a-trans	1597
sw2421-ms98-a-trans	1597
sw3053-ms98-a-trans	1595
sw2795-ms98-a-trans	1594
sw2846-ms98-a-trans	1593
sw3126-ms98-a-trans	1593
sw2426-ms98-a-trans	1591
sw2843-ms98-a-trans	1591
sw3094-ms98-a-trans	1591
sw2934-ms98-a-trans	1588
sw2384-ms98-a-trans	1587
sw2178-ms98-a-trans	1586
sw3146-ms98-a-trans	1585
sw2274-ms98-a-trans	1584
sw2304-ms98-a-trans	1581
sw2984-ms98-a-trans	1581
sw3000-ms98-a-trans	1580
sw3101-ms98-a-trans	1579
sw3028-ms98-a-trans	1576
sw3030-ms98-a-trans	1576
sw2626-ms98-a-trans	1571
sw3021-ms98-a-trans	1569
sw3049-ms98-a-trans	1568
sw3070-ms98-a-trans	1566
sw3149-ms98-a-trans	1563
sw3151-ms98-a-trans	1563
sw2895-ms98-a-trans	1562
sw2651-ms98-a-trans	1561
sw2782-ms98-a-trans	1559
sw3153-ms98-a-trans	1559
sw2073-ms98-a-trans	1558
sw2376-ms98-a-trans	1557
sw2661-ms98-a-trans	1557
sw3007-ms98-a-trans	1557
sw3137-ms98-a-trans	1553
sw2742-ms98-a-trans	1552
sw3056-ms98-a-trans	1552
sw2711-ms98-a-trans	1551
PhillipsJason	1547
sw2625-ms98-a-trans	1545
sw2929-ms98-a-trans	1543
sw2064-ms98-a-trans	1542
sw2656-ms98-a-trans	1539
sw3023-ms98-a-trans	1538
sw2367-ms98-a-trans	1534
sw2978-ms98-a-trans	1534
sw2865-ms98-a-trans	1532
SmithPatricia	1530
sw2838-ms98-a-trans	1529
sw2299-ms98-a-trans	1528
sw2336-ms98-a-trans	1527
sw3001-ms98-a-trans	1526
sw2749-ms98-a-trans	1523
sw2227-ms98-a-trans	1520
sw2231-ms98-a-trans	1520
sw2933-ms98-a-trans	1520
sw3142-ms98-a-trans	1520
sw2602-ms98-a-trans	1519
sw3004-ms98-a-trans	1518
sw3076-ms98-a-trans	1518
sw2766-ms98-a-trans	1517
sw2874-ms98-a-trans	1516
sw2699-ms98-a-trans	1514
sw2270-ms98-a-trans	1513
sw3080-ms98-a-trans	1507
sw3154-ms98-a-trans	1506
sw3079-ms98-a-trans	1500
sw2006-ms98-a-trans	1499
sw2180-ms98-a-trans	1498
sw3039-ms98-a-trans	1498
sw2790-ms98-a-trans	1496
sw2409-ms98-a-trans	1493
sw2495-ms98-a-trans	1489
sw3006-ms98-a-trans	1489
sw3033-ms98-a-trans	1489
sw3103-ms98-a-trans	1489
sw2810-ms98-a-trans	1487
sw2998-ms98-a-trans	1486
sw3017-ms98-a-trans	1486
sw3067-ms98-a-trans	1486
sw2996-ms98-a-trans	1484
sw3125-ms98-a-trans	1483
sw2664-ms98-a-trans	1480
sw2674-ms98-a-trans	1479
sw2919-ms98-a-trans	1478
sw2251-ms98-a-trans	1477
sw3072-ms98-a-trans	1477
sw2373-ms98-a-trans	1476
sw2755-ms98-a-trans	1469
sw3027-ms98-a-trans	1469
sw2129-ms98-a-trans	1468
sw2851-ms98-a-trans	1467
sw3022-ms98-a-trans	1465
sw2492-ms98-a-trans	1464
sw2145-ms98-a-trans	1461
sw3042-ms98-a-trans	1461
sw3107-ms98-a-trans	1458
sw2858-ms98-a-trans	1456
sw2935-ms98-a-trans	1452
sw2599-ms98-a-trans	1447
sw2018-ms98-a-trans	1446
YoussefJoseph	1445
sw2482-ms98-a-trans	1444
sw3034-ms98-a-trans	1444
sw2025-ms98-a-trans	1443
sw2652-ms98-a-trans	1443
sw2388-ms98-a-trans	1442
sw3029-ms98-a-trans	1442
sw3014-ms98-a-trans	1439
sw2416-ms98-a-trans	1438
sw3092-ms98-a-trans	1438
sw3086-ms98-a-trans	1437
sw3148-ms98-a-trans	1435
sw2985-ms98-a-trans	1434
LeakJeffrey	1432
sw2997-ms98-a-trans	1432
sw3104-ms98-a-trans	1432
sw3105-ms98-a-trans	1432
sw2326-ms98-a-trans	1431
sw2808-ms98-a-trans	1429
sw2845-ms98-a-trans	1428
sw3025-ms98-a-trans	1425
sw3088-ms98-a-trans	1425
sw2653-ms98-a-trans	1423
sw2563-ms98-a-trans	1421
sw2645-ms98-a-trans	1421
sw2184-ms98-a-trans	1418
sw2973-ms98-a-trans	1418
sw2765-ms98-a-trans	1414
sw3147-ms98-a-trans	1414
sw2805-ms98-a-trans	1413
sw3134-ms98-a-trans	1413
sw3005-ms98-a-trans	1412
sw2358-ms98-a-trans	1410
sw2567-ms98-a-trans	1410
sw3018-ms98-a-trans	1408
sw3129-ms98-a-trans	1408
sw2160-ms98-a-trans	1405
sw2248-ms98-a-trans	1405
sw2864-ms98-a-trans	1405
sw3152-ms98-a-trans	1405
sw2698-ms98-a-trans	1402
sw2272-ms98-a-trans	1401
sw3012-ms98-a-trans	1399
sw3790-ms98-a-trans	1398
sw2794-ms98-a-trans	1397
sw2995-ms98-a-trans	1394
sw3091-ms98-a-trans	1390
sw2538-ms98-a-trans	1389
sw2314-ms98-a-trans	1388
sw3008-ms98-a-trans	1386
LuhrChantal	1385
sw3143-ms98-a-trans	1384
sw3687-ms98-a-trans	1384
sw2109-ms98-a-trans	1380
CombsJane	1379
sw2039-ms98-a-trans	1379
sw3083-ms98-a-trans	1379
sw2632-ms98-a-trans	1374
sw2293-ms98-a-trans	1373
sw2130-ms98-a-trans	1372
sw3011-ms98-a-trans	1371
sw2309-ms98-a-trans	1370
sw3078-ms98-a-trans	1370
sw3052-ms98-a-trans	1369
sw3228-ms98-a-trans	1368
sw2250-ms98-a-trans	1367
sw2759-ms98-a-trans	1365
sw2017-ms98-a-trans	1363
sw3009-ms98-a-trans	1362
BorelRaymondHydeIII	1360
CaseCullen	1360
sw3015-ms98-a-trans	1360
sw3314-ms98-a-trans	1358
RussellMary	1357
sw2957-ms98-a-trans	1355
sw3037-ms98-a-trans	1355
sw3106-ms98-a-trans	1353
sw3200-ms98-a-trans	1353
sw3123-ms98-a-trans	1347
sw2125-ms98-a-trans	1346
sw3047-ms98-a-trans	1346
sw2993-ms98-a-trans	1337
sw3354-ms98-a-trans	1336
sw2955-ms98-a-trans	1334
GreeneKevin	1332
sw3059-ms98-a-trans	1331
sw3082-ms98-a-trans	1330
sw2809-ms98-a-trans	1328
sw2015-ms98-a-trans	1326
sw2442-ms98-a-trans	1322
sw3026-ms98-a-trans	1322
sw3278-ms98-a-trans	1321
sw3325-ms98-a-trans	1320
sw3081-ms98-a-trans	1319
sw2548-ms98-a-trans	1317
sw3384-ms98-a-trans	1316
sw3986-ms98-a-trans	1312
sw2577-ms98-a-trans	1311
sw3816-ms98-a-trans	1311
sw2323-ms98-a-trans	1310
sw3002-ms98-a-trans	1310
WerthChristopher	1308
sw3120-ms98-a-trans	1308
sw3682-ms98-a-trans	1308
sw4363-ms98-a-trans	1307
sw3467-ms98-a-trans	1306
sw2740-ms98-a-trans	1304
sw4443-ms98-a-trans	1304
sw4818-ms98-a-trans	1304
sw3400-ms98-a-trans	1302
sw2546-ms98-a-trans	1301
sw3544-ms98-a-trans	1301
sw3705-ms98-a-trans	1300
sw3373-ms98-a-trans	1298
sw2455-ms98-a-trans	1296
sw3623-ms98-a-trans	1296
sw4199-ms98-a-trans	1296
KalbererLauren	1295
sw2167-ms98-a-trans	1295
sw2824-ms98-a-trans	1295
sw3326-ms98-a-trans	1294
LowranceHugh	1293
sw3318-ms98-a-trans	1293
sw2980-ms98-a-trans	1292
sw3858-ms98-a-trans	1292
RagoneseLaura	1290
sw2819-ms98-a-trans	1289
sw3071-ms98-a-trans	1288
sw3586-ms98-a-trans	1288
sw3113-ms98-a-trans	1286
sw3910-ms98-a-trans	1286
BlanchardTracy	1285
sw3550-ms98-a-trans	1284
sw2558-ms98-a-trans	1283
sw2022-ms98-a-trans	1282
sw2045-ms98-a-trans	1282
sw3038-ms98-a-trans	1282
sw4886-ms98-a-trans	1282
sw3116-ms98-a-trans	1281
sw2992-ms98-a-trans	1280
sw3824-ms98-a-trans	1280
sw3133-ms98-a-trans	1279
sw4248-ms98-a-trans	1279
sw3231-ms98-a-trans	1278
sw2420-ms98-a-trans	1274
sw3293-ms98-a-trans	1274
sw2494-ms98-a-trans	1269
sw3583-ms98-a-trans	1269
sw2620-ms98-a-trans	1268
sw3214-ms98-a-trans	1268
WhiteJustin	1267
sw2587-ms98-a-trans	1267
sw3363-ms98-a-trans	1267
sw3571-ms98-a-trans	1267
sw3963-ms98-a-trans	1266
AdamsElissa	1263
sw2360-ms98-a-trans	1261
sw3843-ms98-a-trans	1261
sw2574-ms98-a-trans	1260
sw4252-ms98-a-trans	1260
SilvaCaroline	1258
sw3063-ms98-a-trans	1258
sw3947-ms98-a-trans	1256
ReeseJennifer	1255
MottSara	1254
sw2963-ms98-a-trans	1254
sw3118-ms98-a-trans	1250
sw3462-ms98-a-trans	1250
sw3742-ms98-a-trans	1250
sw3556-ms98-a-trans	1248
sw2295-ms98-a-trans	1246
sw3305-ms98-a-trans	1246
sw4181-ms98-a-trans	1246
sw2793-ms98-a-trans	1244
sw2890-ms98-a-trans	1242
sw3560-ms98-a-trans	1241
sw3670-ms98-a-trans	1241
sw2261-ms98-a-trans	1240
sw3934-ms98-a-trans	1240
sw4334-ms98-a-trans	1240
sw2991-ms98-a-trans	1239
HodgesSamuel	1238
sw3093-ms98-a-trans	1238
sw3188-ms98-a-trans	1237
sw4077-ms98-a-trans	1237
sw3483-ms98-a-trans	1236
sw3722-ms98-a-trans	1236
sw3800-ms98-a-trans	1236
sw3919-ms98-a-trans	1235
sw2640-ms98-a-trans	1234
sw2722-ms98-a-trans	1233
sw3689-ms98-a-trans	1232
sw3981-ms98-a-trans	1232
sw3602-ms98-a-trans	1231
sw3426-ms98-a-trans	1230
sw3415-ms98-a-trans	1228
sw3350-ms98-a-trans	1227
sw4022-ms98-a-trans	1226
sw4215-ms98-a-trans	1226
QuelerAdam	1225
sw2559-ms98-a-trans	1225
sw2800-ms98-a-trans	1225
sw4315-ms98-a-trans	1225
sw2024-ms98-a-trans	1222
sw3859-ms98-a-trans	1221
sw3971-ms98-a-trans	1221
sw4352-ms98-a-trans	1221
sw3618-ms98-a-trans	1220
sw4206-ms98-a-trans	1220
PetersDamien	1217
sw2619-ms98-a-trans	1217
sw3789-ms98-a-trans	1217
sw4384-ms98-a-trans	1217
sw2349-ms98-a-trans	1215
sw4590-ms98-a-trans	1215
sw4728-ms98-a-trans	1215
sw2101-ms98-a-trans	1214
sw4347-ms98-a-trans	1214
sw3512-ms98-a-trans	1213
sw3108-ms98-a-trans	1211
sw3396-ms98-a-trans	1211
sw2276-ms98-a-trans	1210
sw2910-ms98-a-trans	1210
sw3356-ms98-a-trans	1209
sw3322-ms98-a-trans	1208
sw3958-ms98-a-trans	1208
sw2930-ms98-a-trans	1207
sw4624-ms98-a-trans	1206
sw3222-ms98-a-trans	1204
sw3473-ms98-a-trans	1204
sw3876-ms98-a-trans	1204
sw2223-ms98-a-trans	1203
sw3140-ms98-a-trans	1203
sw4168-ms98-a-trans	1203
sw4290-ms98-a-trans	1203
sw3100-ms98-a-trans	1202
sw2302-ms98-a-trans	1201
sw3259-ms98-a-trans	1201
sw2686-ms98-a-trans	1200
sw3288-ms98-a-trans	1200
sw3659-ms98-a-trans	1199
sw4503-ms98-a-trans	1199
sw4540-ms98-a-trans	1199
sw2448-ms98-a-trans	1198
sw2524-ms98-a-trans	1198
sw2527-ms98-a-trans	1198
sw2833-ms98-a-trans	1198
sw3875-ms98-a-trans	1198
sw4691-ms98-a-trans	1198
sw3475-ms98-a-trans	1197
sw4099-ms98-a-trans	1197
sw4192-ms98-a-trans	1197
sw3311-ms98-a-trans	1195
sw3595-ms98-a-trans	1195
sw3243-ms98-a-trans	1194
sw3308-ms98-a-trans	1194
sw3413-ms98-a-trans	1193
sw3785-ms98-a-trans	1193
sw3908-ms98-a-trans	1193
sw3691-ms98-a-trans	1192
LidingtonLinda	1191
sw3621-ms98-a-trans	1191
sw2899-ms98-a-trans	1190
sw3347-ms98-a-trans	1189
sw3852-ms98-a-trans	1188
sw3832-ms98-a-trans	1186
sw3845-ms98-a-trans	1186
sw4353-ms98-a-trans	1186
sw3380-ms98-a-trans	1185
sw3419-ms98-a-trans	1185
sw3782-ms98-a-trans	1185
sw4296-ms98-a-trans	1185
sw3866-ms98-a-trans	1184
sw4675-ms98-a-trans	1184
sw2324-ms98-a-trans	1183
sw4033-ms98-a-trans	1183
sw4282-ms98-a-trans	1183
sw3893-ms98-a-trans	1182
sw4221-ms98-a-trans	1182
sw3802-ms98-a-trans	1180
sw3440-ms98-a-trans	1178
sw3564-ms98-a-trans	1178
sw4091-ms98-a-trans	1178
sw3598-ms98-a-trans	1177
sw3477-ms98-a-trans	1176
sw3585-ms98-a-trans	1176
sw3299-ms98-a-trans	1175
sw3492-ms98-a-trans	1175
sw3527-ms98-a-trans	1175
sw3683-ms98-a-trans	1175
sw2402-ms98-a-trans	1174
sw3481-ms98-a-trans	1174
sw3482-ms98-a-trans	1174
sw3730-ms98-a-trans	1174
sw4001-ms98-a-trans	1174
sw4726-ms98-a-trans	1174
sw2681-ms98-a-trans	1173
sw3490-ms98-a-trans	1172
sw3317-ms98-a-trans	1170
sw3798-ms98-a-trans	1170
sw2056-ms98-a-trans	1169
sw2741-ms98-a-trans	1168
sw3666-ms98-a-trans	1166
sw3821-ms98-a-trans	1166
sw4225-ms98-a-trans	1166
sw3588-ms98-a-trans	1165
sw3938-ms98-a-trans	1165
sw3470-ms98-a-trans	1164
sw4015-ms98-a-trans	1164
sw4570-ms98-a-trans	1164
sw3264-ms98-a-trans	1163
sw4279-ms98-a-trans	1163
sw4891-ms98-a-trans	1163
sw2035-ms98-a-trans	1161
sw3225-ms98-a-trans	1161
sw3578-ms98-a-trans	1161
sw3783-ms98-a-trans	1161
sw3918-ms98-a-trans	1161
sw4069-ms98-a-trans	1161
sw4371-ms98-a-trans	1161
sw3277-ms98-a-trans	1160
sw4318-ms98-a-trans	1160
sw3364-ms98-a-trans	1159
sw3630-ms98-a-trans	1158
sw4172-ms98-a-trans	1158
sw3378-ms98-a-trans	1157
sw3606-ms98-a-trans	1157
sw3678-ms98-a-trans	1157
sw3977-ms98-a-trans	1157
sw3446-ms98-a-trans	1156
sw3741-ms98-a-trans	1156
sw3040-ms98-a-trans	1155
sw3464-ms98-a-trans	1155
sw3468-ms98-a-trans	1155
sw3740-ms98-a-trans	1155
sw4043-ms98-a-trans	1155
sw2263-ms98-a-trans	1154
sw3590-ms98-a-trans	1154
sw3717-ms98-a-trans	1153
sw4163-ms98-a-trans	1153
sw3404-ms98-a-trans	1152
sw4369-ms98-a-trans	1152
sw3255-ms98-a-trans	1151
sw3796-ms98-a-trans	1151
sw4065-ms98-a-trans	1151
sw4250-ms98-a-trans	1151
sw3545-ms98-a-trans	1149
sw3772-ms98-a-trans	1149
sw2072-ms98-a-trans	1148
sw2886-ms98-a-trans	1148
sw3604-ms98-a-trans	1148
sw4765-ms98-a-trans	1148
sw2751-ms98-a-trans	1147
sw3609-ms98-a-trans	1147
sw4267-ms98-a-trans	1147
sw2161-ms98-a-trans	1146
sw3296-ms98-a-trans	1146
sw3323-ms98-a-trans	1146
sw3478-ms98-a-trans	1146
sw3391-ms98-a-trans	1145
sw3494-ms98-a-trans	1145
sw3990-ms98-a-trans	1145
sw3653-ms98-a-trans	1144
sw3493-ms98-a-trans	1143
sw4041-ms98-a-trans	1143
sw4348-ms98-a-trans	1143
sw4845-ms98-a-trans	1143
sw3554-ms98-a-trans	1142
sw3562-ms98-a-trans	1142
sw3736-ms98-a-trans	1142
sw3853-ms98-a-trans	1142
sw4314-ms98-a-trans	1142
sw3155-ms98-a-trans	1141
sw3333-ms98-a-trans	1141
sw4911-ms98-a-trans	1141
sw2986-ms98-a-trans	1140
sw3273-ms98-a-trans	1140
sw3672-ms98-a-trans	1140
sw4035-ms98-a-trans	1140
sw4733-ms98-a-trans	1140
sw3524-ms98-a-trans	1139
sw3596-ms98-a-trans	1139
sw3753-ms98-a-trans	1139
sw4045-ms98-a-trans	1139
sw2009-ms98-a-trans	1138
sw3759-ms98-a-trans	1138
sw3871-ms98-a-trans	1138
sw4049-ms98-a-trans	1138
sw4271-ms98-a-trans	1138
sw4295-ms98-a-trans	1138
sw3269-ms98-a-trans	1137
sw3245-ms98-a-trans	1136
sw3886-ms98-a-trans	1136
sw3980-ms98-a-trans	1136
sw4273-ms98-a-trans	1136
sw3394-ms98-a-trans	1135
sw3635-ms98-a-trans	1135
sw3974-ms98-a-trans	1135
sw4223-ms98-a-trans	1135
sw3207-ms98-a-trans	1134
sw3435-ms98-a-trans	1134
sw3654-ms98-a-trans	1134
sw3721-ms98-a-trans	1134
sw3466-ms98-a-trans	1132
sw2540-ms98-a-trans	1131
sw3456-ms98-a-trans	1131
sw4234-ms98-a-trans	1131
sw4785-ms98-a-trans	1131
sw3237-ms98-a-trans	1130
sw3706-ms98-a-trans	1130
sw4133-ms98-a-trans	1130
sw4847-ms98-a-trans	1130
sw3509-ms98-a-trans	1129
sw3600-ms98-a-trans	1129
sw4379-ms98-a-trans	1129
sw4825-ms98-a-trans	1129
sw4863-ms98-a-trans	1129
sw3615-ms98-a-trans	1128
sw3716-ms98-a-trans	1128
sw3724-ms98-a-trans	1127
sw4264-ms98-a-trans	1127
sw4798-ms98-a-trans	1127
sw3443-ms98-a-trans	1126
sw3701-ms98-a-trans	1126
sw3868-ms98-a-trans	1126
sw4278-ms98-a-trans	1126
sw4483-ms98-a-trans	1126
sw4928-ms98-a-trans	1126
sw3167-ms98-a-trans	1125
sw3169-ms98-a-trans	1125
sw3633-ms98-a-trans	1125
sw4260-ms98-a-trans	1125
sw3339-ms98-a-trans	1123
sw3855-ms98-a-trans	1123
sw3472-ms98-a-trans	1122
sw3693-ms98-a-trans	1122
sw4079-ms98-a-trans	1122
sw3156-ms98-a-trans	1121
sw3262-ms98-a-trans	1121
sw3754-ms98-a-trans	1121
sw3945-ms98-a-trans	1121
sw4359-ms98-a-trans	1120
sw2876-ms98-a-trans	1119
sw3885-ms98-a-trans	1119
sw3496-ms98-a-trans	1118
sw4193-ms98-a-trans	1118
sw4608-ms98-a-trans	1117
sw3442-ms98-a-trans	1116
sw2036-ms98-a-trans	1115
sw3371-ms98-a-trans	1115
sw3504-ms98-a-trans	1115
sw3699-ms98-a-trans	1115
sw3474-ms98-a-trans	1114
sw4350-ms98-a-trans	1114
sw4650-ms98-a-trans	1114
sw3616-ms98-a-trans	1113
sw3749-ms98-a-trans	1113
sw3342-ms98-a-trans	1112
sw3533-ms98-a-trans	1112
sw3223-ms98-a-trans	1111
sw3294-ms98-a-trans	1111
sw4619-ms98-a-trans	1111
sw3190-ms98-a-trans	1109
sw3834-ms98-a-trans	1109
sw4156-ms98-a-trans	1109
sw4368-ms98-a-trans	1109
sw4716-ms98-a-trans	1109
sw3192-ms98-a-trans	1108
sw3453-ms98-a-trans	1108
sw3640-ms98-a-trans	1108
sw3751-ms98-a-trans	1108
sw4330-ms98-a-trans	1108
sw2981-ms98-a-trans	1107
sw3158-ms98-a-trans	1107
sw3346-ms98-a-trans	1107
sw3594-ms98-a-trans	1107
sw3603-ms98-a-trans	1107
sw3735-ms98-a-trans	1107
sw4324-ms98-a-trans	1107
sw4078-ms98-a-trans	1106
sw3729-ms98-a-trans	1105
sw3773-ms98-a-trans	1105
sw3894-ms98-a-trans	1105
sw4008-ms98-a-trans	1104
sw4135-ms98-a-trans	1104
sw3538-ms98-a-trans	1103
sw4094-ms98-a-trans	1103
sw2010-ms98-a-trans	1102
sw3095-ms98-a-trans	1102
sw3434-ms98-a-trans	1102
sw4106-ms98-a-trans	1102
sw4183-ms98-a-trans	1102
sw2689-ms98-a-trans	1101
sw3661-ms98-a-trans	1101
sw4501-ms98-a-trans	1101
sw4905-ms98-a-trans	1101
sw3251-ms98-a-trans	1100
sw3507-ms98-a-trans	1100
sw3969-ms98-a-trans	1100
sw3673-ms98-a-trans	1099
sw3829-ms98-a-trans	1099
sw4010-ms98-a-trans	1099
sw2053-ms98-a-trans	1098
sw3465-ms98-a-trans	1098
sw3831-ms98-a-trans	1098
sw3224-ms98-a-trans	1097
sw3271-ms98-a-trans	1097
sw3581-ms98-a-trans	1097
sw3793-ms98-a-trans	1097
sw4007-ms98-a-trans	1097
sw4256-ms98-a-trans	1097
sw4626-ms98-a-trans	1097
sw3418-ms98-a-trans	1096
sw3165-ms98-a-trans	1095
sw3183-ms98-a-trans	1095
sw3510-ms98-a-trans	1095
sw3539-ms98-a-trans	1095
sw3177-ms98-a-trans	1094
sw3968-ms98-a-trans	1094
sw2256-ms98-a-trans	1093
sw3964-ms98-a-trans	1093
sw4086-ms98-a-trans	1093
sw4176-ms98-a-trans	1093
sw4300-ms98-a-trans	1093
sw3720-ms98-a-trans	1092
sw3995-ms98-a-trans	1092
sw4046-ms98-a-trans	1092
sw4080-ms98-a-trans	1092
sw3338-ms98-a-trans	1091
sw3348-ms98-a-trans	1091
sw3508-ms98-a-trans	1091
sw3376-ms98-a-trans	1090
sw3546-ms98-a-trans	1090
sw3684-ms98-a-trans	1090
sw4840-ms98-a-trans	1090
sw2222-ms98-a-trans	1089
sw3249-ms98-a-trans	1089
sw3479-ms98-a-trans	1089
sw3902-ms98-a-trans	1089
sw4139-ms98-a-trans	1089
sw2401-ms98-a-trans	1088
sw3275-ms98-a-trans	1088
sw4228-ms98-a-trans	1088
sw3316-ms98-a-trans	1087
sw4114-ms98-a-trans	1087
sw3540-ms98-a-trans	1086
sw3890-ms98-a-trans	1086
sw4164-ms98-a-trans	1086
sw4637-ms98-a-trans	1086
sw3414-ms98-a-trans	1085
sw3629-ms98-a-trans	1085
sw3891-ms98-a-trans	1085
sw3900-ms98-a-trans	1085
sw3951-ms98-a-trans	1085
sw4927-ms98-a-trans	1085
sw3171-ms98-a-trans	1084
sw3254-ms98-a-trans	1084
sw3451-ms98-a-trans	1084
sw3897-ms98-a-trans	1084
sw3899-ms98-a-trans	1084
sw4242-ms98-a-trans	1084
sw4380-ms98-a-trans	1084
sw3179-ms98-a-trans	1083
sw3471-ms98-a-trans	1083
sw3737-ms98-a-trans	1083
sw4287-ms98-a-trans	1083
sw3368-ms98-a-trans	1082
sw3430-ms98-a-trans	1082
sw3835-ms98-a-trans	1082
sw3301-ms98-a-trans	1081
sw3306-ms98-a-trans	1081
sw3449-ms98-a-trans	1080
sw3632-ms98-a-trans	1080
sw3935-ms98-a-trans	1080
sw2189-ms98-a-trans	1079
sw3174-ms98-a-trans	1079
sw3637-ms98-a-trans	1079
sw3725-ms98-a-trans	1079
sw4381-ms98-a-trans	1079
sw3826-ms98-a-trans	1077
sw4110-ms98-a-trans	1077
sw4265-ms98-a-trans	1077
sw4291-ms98-a-trans	1077
sw2177-ms98-a-trans	1076
sw3978-ms98-a-trans	1076
sw4175-ms98-a-trans	1076
sw4774-ms98-a-trans	1076
sw3570-ms98-a-trans	1075
sw4145-ms98-a-trans	1075
sw4804-ms98-a-trans	1075
sw3424-ms98-a-trans	1074
sw3703-ms98-a-trans	1074
sw3746-ms98-a-trans	1074
sw3767-ms98-a-trans	1074
sw3997-ms98-a-trans	1074
sw4681-ms98-a-trans	1074
sw4695-ms98-a-trans	1074
sw3349-ms98-a-trans	1073
sw3611-ms98-a-trans	1073
sw3880-ms98-a-trans	1073
sw3054-ms98-a-trans	1072
sw3232-ms98-a-trans	1072
sw3242-ms98-a-trans	1072
sw3669-ms98-a-trans	1072
sw3756-ms98-a-trans	1072
sw3805-ms98-a-trans	1072
sw3888-ms98-a-trans	1072
sw4239-ms98-a-trans	1072
sw4400-ms98-a-trans	1071
sw3330-ms98-a-trans	1070
sw3874-ms98-a-trans	1070
sw4687-ms98-a-trans	1070
sw3010-ms98-a-trans	1069
sw3723-ms98-a-trans	1069
sw3727-ms98-a-trans	1069
sw4208-ms98-a-trans	1069
sw4792-ms98-a-trans	1069
sw4876-ms98-a-trans	1069
sw4095-ms98-a-trans	1068
sw4216-ms98-a-trans	1068
sw2927-ms98-a-trans	1067
sw3542-ms98-a-trans	1067
sw3573-ms98-a-trans	1067
sw3933-ms98-a-trans	1067
sw3764-ms98-a-trans	1066
sw4023-ms98-a-trans	1066
sw2565-ms98-a-trans	1065
sw3176-ms98-a-trans	1065
sw3536-ms98-a-trans	1065
sw3787-ms98-a-trans	1065
sw4682-ms98-a-trans	1065
sw3219-ms98-a-trans	1064
sw3427-ms98-a-trans	1064
sw3830-ms98-a-trans	1064
sw3872-ms98-a-trans	1064
ShieldsStacy	1063
sw3238-ms98-a-trans	1063
sw3485-ms98-a-trans	1063
sw3599-ms98-a-trans	1063
sw3795-ms98-a-trans	1063
sw3946-ms98-a-trans	1063
sw3803-ms98-a-trans	1062
sw3869-ms98-a-trans	1062
sw4595-ms98-a-trans	1062
sw2266-ms98-a-trans	1061
sw3340-ms98-a-trans	1061
sw3694-ms98-a-trans	1061
sw4179-ms98-a-trans	1061
sw4693-ms98-a-trans	1061
sw4745-ms98-a-trans	1061
sw4752-ms98-a-trans	1061
sw3499-ms98-a-trans	1060
sw3587-ms98-a-trans	1060
sw3650-ms98-a-trans	1060
sw3641-ms98-a-trans	1059
sw3913-ms98-a-trans	1059
sw3926-ms98-a-trans	1059
sw4040-ms98-a-trans	1059
sw4087-ms98-a-trans	1059
sw4150-ms98-a-trans	1059
sw4467-ms98-a-trans	1059
sw4594-ms98-a-trans	1059
sw3911-ms98-a-trans	1058
sw3967-ms98-a-trans	1058
sw3649-ms98-a-trans	1057
sw4021-ms98-a-trans	1057
sw4319-ms98-a-trans	1057
sw4522-ms98-a-trans	1057
sw2383-ms98-a-trans	1056
sw3180-ms98-a-trans	1056
sw3614-ms98-a-trans	1056
sw4037-ms98-a-trans	1056
sw3246-ms98-a-trans	1055
sw3715-ms98-a-trans	1055
sw4048-ms98-a-trans	1055
sw4089-ms98-a-trans	1055
sw4177-ms98-a-trans	1055
sw4883-ms98-a-trans	1055
sw3168-ms98-a-trans	1054
sw3728-ms98-a-trans	1054
sw3731-ms98-a-trans	1054
sw3898-ms98-a-trans	1054
sw4666-ms98-a-trans	1054
sw4721-ms98-a-trans	1053
sw3324-ms98-a-trans	1052
sw3438-ms98-a-trans	1052
sw3480-ms98-a-trans	1052
sw3576-ms98-a-trans	1052
sw3769-ms98-a-trans	1052
sw4056-ms98-a-trans	1052
sw4182-ms98-a-trans	1052
sw4831-ms98-a-trans	1052
sw4723-ms98-a-trans	1051
sw2113-ms98-a-trans	1050
sw3282-ms98-a-trans	1050
sw3734-ms98-a-trans	1050
sw4725-ms98-a-trans	1050
sw3532-ms98-a-trans	1049
sw3568-ms98-a-trans	1049
sw3584-ms98-a-trans	1049
sw4117-ms98-a-trans	1049
sw3389-ms98-a-trans	1048
sw3664-ms98-a-trans	1048
sw3882-ms98-a-trans	1048
sw4555-ms98-a-trans	1048
sw2994-ms98-a-trans	1047
sw4749-ms98-a-trans	1047
sw3258-ms98-a-trans	1046
sw3383-ms98-a-trans	1046
sw3416-ms98-a-trans	1045
sw3822-ms98-a-trans	1045
sw4879-ms98-a-trans	1044
sw3128-ms98-a-trans	1043
sw3823-ms98-a-trans	1043
sw4611-ms98-a-trans	1043
sw4697-ms98-a-trans	1043
sw2498-ms98-a-trans	1042
sw3044-ms98-a-trans	1042
sw4512-ms98-a-trans	1042
sw3289-ms98-a-trans	1041
sw3393-ms98-a-trans	1041
sw3760-ms98-a-trans	1041
sw3916-ms98-a-trans	1041
sw3218-ms98-a-trans	1040
sw4093-ms98-a-trans	1040
sw4194-ms98-a-trans	1040
sw4356-ms98-a-trans	1040
sw4440-ms98-a-trans	1040
sw4638-ms98-a-trans	1040
sw4821-ms98-a-trans	1040
sw3312-ms98-a-trans	1039
sw3818-ms98-a-trans	1039
sw3861-ms98-a-trans	1039
AdamsStephanie	1038
sw3617-ms98-a-trans	1038
sw3521-ms98-a-trans	1037
sw4320-ms98-a-trans	1037
sw4633-ms98-a-trans	1037
sw2644-ms98-a-trans	1036
sw3692-ms98-a-trans	1036
sw3846-ms98-a-trans	1036
sw3857-ms98-a-trans	1036
sw4082-ms98-a-trans	1036
sw4171-ms98-a-trans	1036
sw4664-ms98-a-trans	1036
sw3370-ms98-a-trans	1034
sw3660-ms98-a-trans	1034
sw3828-ms98-a-trans	1034
sw3817-ms98-a-trans	1033
sw3854-ms98-a-trans	1033
sw4184-ms98-a-trans	1033
sw4811-ms98-a-trans	1033
sw3236-ms98-a-trans	1032
sw4084-ms98-a-trans	1032
sw4231-ms98-a-trans	1032
sw3161-ms98-a-trans	1031
sw3765-ms98-a-trans	1031
sw3841-ms98-a-trans	1031
sw4062-ms98-a-trans	1031
sw3194-ms98-a-trans	1030
sw4085-ms98-a-trans	1030
sw4761-ms98-a-trans	1030
sw4107-ms98-a-trans	1029
sw4113-ms98-a-trans	1029
sw4159-ms98-a-trans	1029
sw4641-ms98-a-trans	1029
sw4661-ms98-a-trans	1029
sw3189-ms98-a-trans	1028
sw3320-ms98-a-trans	1028
sw4235-ms98-a-trans	1028
sw3529-ms98-a-trans	1027
sw4493-ms98-a-trans	1027
sw3290-ms98-a-trans	1026
sw3186-ms98-a-trans	1025
sw3552-ms98-a-trans	1025
sw3707-ms98-a-trans	1025
sw3713-ms98-a-trans	1025
sw3985-ms98-a-trans	1025
sw3991-ms98-a-trans	1025
sw4142-ms98-a-trans	1025
sw4649-ms98-a-trans	1025
sw4746-ms98-a-trans	1025
sw2897-ms98-a-trans	1024
sw3420-ms98-a-trans	1024
sw3565-ms98-a-trans	1024
sw3698-ms98-a-trans	1024
sw3718-ms98-a-trans	1024
sw3988-ms98-a-trans	1024
sw4119-ms98-a-trans	1024
sw4640-ms98-a-trans	1024
sw3907-ms98-a-trans	1023
sw4322-ms98-a-trans	1023
sw3198-ms98-a-trans	1022
sw3563-ms98-a-trans	1022
sw3625-ms98-a-trans	1022
sw3695-ms98-a-trans	1022
sw3748-ms98-a-trans	1022
sw4914-ms98-a-trans	1022
EmrichMegan	1021
sw3298-ms98-a-trans	1021
sw3839-ms98-a-trans	1021
sw3937-ms98-a-trans	1021
sw3559-ms98-a-trans	1019
sw3961-ms98-a-trans	1019
sw3975-ms98-a-trans	1019
sw4688-ms98-a-trans	1019
sw3379-ms98-a-trans	1018
sw3778-ms98-a-trans	1018
sw3781-ms98-a-trans	1018
sw4276-ms98-a-trans	1018
sw4335-ms98-a-trans	1018
sw3229-ms98-a-trans	1017
sw3345-ms98-a-trans	1017
sw4014-ms98-a-trans	1017
sw4052-ms98-a-trans	1017
sw4214-ms98-a-trans	1017
sw4286-ms98-a-trans	1017
sw2560-ms98-a-trans	1016
sw3410-ms98-a-trans	1016
sw3878-ms98-a-trans	1016
sw4036-ms98-a-trans	1016
sw4936-ms98-a-trans	1016
sw3268-ms98-a-trans	1015
sw3433-ms98-a-trans	1015
sw3457-ms98-a-trans	1015
sw3646-ms98-a-trans	1015
sw3663-ms98-a-trans	1015
sw3750-ms98-a-trans	1015
sw4131-ms98-a-trans	1015
sw4149-ms98-a-trans	1015
sw4195-ms98-a-trans	1015
sw4357-ms98-a-trans	1015
sw3196-ms98-a-trans	1014
sw3250-ms98-a-trans	1014
sw3792-ms98-a-trans	1014
sw3895-ms98-a-trans	1014
sw4024-ms98-a-trans	1014
sw4615-ms98-a-trans	1014
sw3743-ms98-a-trans	1013
sw3847-ms98-a-trans	1013
sw4302-ms98-a-trans	1013
sw4801-ms98-a-trans	1013
sw3204-ms98-a-trans	1012
sw3486-ms98-a-trans	1012
sw3711-ms98-a-trans	1012
sw3956-ms98-a-trans	1011
sw4166-ms98-a-trans	1011
sw4236-ms98-a-trans	1011
sw4502-ms98-a-trans	1011
sw3651-ms98-a-trans	1010
sw3809-ms98-a-trans	1010
sw4136-ms98-a-trans	1010
sw4294-ms98-a-trans	1010
sw4822-ms98-a-trans	1010
sw3260-ms98-a-trans	1009
sw3375-ms98-a-trans	1009
sw3925-ms98-a-trans	1009
sw4197-ms98-a-trans	1008
sw4027-ms98-a-trans	1007
sw4137-ms98-a-trans	1007
sw4147-ms98-a-trans	1007
sw4338-ms98-a-trans	1007
sw2678-ms98-a-trans	1006
sw3332-ms98-a-trans	1006
sw3358-ms98-a-trans	1006
sw3455-ms98-a-trans	1006
sw3704-ms98-a-trans	1006
sw3909-ms98-a-trans	1006
sw3927-ms98-a-trans	1006
sw3959-ms98-a-trans	1006
sw4141-ms98-a-trans	1006
sw3240-ms98-a-trans	1005
sw3622-ms98-a-trans	1005
sw3634-ms98-a-trans	1005
sw3639-ms98-a-trans	1005
sw3709-ms98-a-trans	1005
sw3762-ms98-a-trans	1005
sw4241-ms98-a-trans	1005
sw4249-ms98-a-trans	1005
sw4259-ms98-a-trans	1005
sw4288-ms98-a-trans	1005
sw4707-ms98-a-trans	1005
sw4173-ms98-a-trans	1004
sw4270-ms98-a-trans	1004
sw4301-ms98-a-trans	1004
sw4305-ms98-a-trans	1004
sw4313-ms98-a-trans	1004
sw3365-ms98-a-trans	1003
sw3463-ms98-a-trans	1003
sw3667-ms98-a-trans	1003
sw3976-ms98-a-trans	1003
sw4057-ms98-a-trans	1003
sw4153-ms98-a-trans	1003
sw4167-ms98-a-trans	1003
sw2761-ms98-a-trans	1002
sw3244-ms98-a-trans	1002
sw3448-ms98-a-trans	1002
sw4339-ms98-a-trans	1002
sw4261-ms98-a-trans	1001
sw4372-ms98-a-trans	1001
sw4890-ms98-a-trans	1001
sw3195-ms98-a-trans	1000
sw3257-ms98-a-trans	1000
sw3923-ms98-a-trans	1000
sw3957-ms98-a-trans	1000
sw4162-ms98-a-trans	1000
sw4204-ms98-a-trans	1000
sw4829-ms98-a-trans	1000
sw3755-ms98-a-trans	999
sw3777-ms98-a-trans	999
sw4109-ms98-a-trans	999
sw4474-ms98-a-trans	999
sw3498-ms98-a-trans	998
sw4031-ms98-a-trans	998
sw4123-ms98-a-trans	998
sw4238-ms98-a-trans	998
sw4246-ms98-a-trans	998
sw4655-ms98-a-trans	998
sw4815-ms98-a-trans	998
sw3745-ms98-a-trans	997
sw3810-ms98-a-trans	997
sw4837-ms98-a-trans	997
sw3274-ms98-a-trans	996
sw3403-ms98-a-trans	996
sw3469-ms98-a-trans	996
sw3688-ms98-a-trans	996
sw4121-ms98-a-trans	996
sw4219-ms98-a-trans	996
PurdieMatthew	995
sw2842-ms98-a-trans	995
sw3437-ms98-a-trans	995
sw3647-ms98-a-trans	995
sw3842-ms98-a-trans	995
sw3879-ms98-a-trans	995
sw4020-ms98-a-trans	995
sw4351-ms98-a-trans	995
sw3361-ms98-a-trans	994
sw3501-ms98-a-trans	994
sw3579-ms98-a-trans	994
sw3708-ms98-a-trans	994
sw3912-ms98-a-trans	994
sw3984-ms98-a-trans	994
sw4097-ms98-a-trans	994
sw4833-ms98-a-trans	994
sw4899-ms98-a-trans	994
sw3411-ms98-a-trans	993
sw3774-ms98-a-trans	993
sw3901-ms98-a-trans	993
sw4344-ms98-a-trans	993
sw3164-ms98-a-trans	992
sw3489-ms98-a-trans	992
sw4126-ms98-a-trans	992
sw4266-ms98-a-trans	992
sw3572-ms98-a-trans	991
sw4342-ms98-a-trans	991
sw4917-ms98-a-trans	991
sw2471-ms98-a-trans	990
sw3575-ms98-a-trans	990
sw3593-ms98-a-trans	990
sw3652-ms98-a-trans	990
sw4081-ms98-a-trans	990
sw4909-ms98-a-trans	990
sw4071-ms98-a-trans	989
sw4178-ms98-a-trans	989
sw4229-ms98-a-trans	989
sw4710-ms98-a-trans	989
sw3352-ms98-a-trans	988
sw4025-ms98-a-trans	988
sw4212-ms98-a-trans	988
sw4433-ms98-a-trans	988
sw2889-ms98-a-trans	987
sw3813-ms98-a-trans	987
sw4771-ms98-a-trans	987
sw4830-ms98-a-trans	987
sw3241-ms98-a-trans	986
sw3337-ms98-a-trans	986
sw3461-ms98-a-trans	986
sw3580-ms98-a-trans	986
sw3948-ms98-a-trans	986
sw4292-ms98-a-trans	986
sw4333-ms98-a-trans	986
sw4377-ms98-a-trans	986
sw4548-ms98-a-trans	986
sw3252-ms98-a-trans	985
sw3436-ms98-a-trans	985
sw4066-ms98-a-trans	985
sw2079-ms98-a-trans	984
sw3276-ms98-a-trans	984
sw3864-ms98-a-trans	984
sw4092-ms98-a-trans	984
sw4224-ms98-a-trans	984
sw4606-ms98-a-trans	984
sw2191-ms98-a-trans	983
sw3620-ms98-a-trans	983
sw3906-ms98-a-trans	983
sw4327-ms98-a-trans	983
sw4759-ms98-a-trans	983
sw4799-ms98-a-trans	983
sw3221-ms98-a-trans	982
sw3589-ms98-a-trans	982
sw4317-ms98-a-trans	982
sw4846-ms98-a-trans	982
sw3567-ms98-a-trans	981
sw3662-ms98-a-trans	981
sw3674-ms98-a-trans	981
sw3966-ms98-a-trans	981
sw4307-ms98-a-trans	981
sw3452-ms98-a-trans	980
sw3523-ms98-a-trans	980
sw3921-ms98-a-trans	980
sw3973-ms98-a-trans	980
sw4038-ms98-a-trans	980
sw4251-ms98-a-trans	980
sw4253-ms98-a-trans	980
sw3285-ms98-a-trans	979
sw3395-ms98-a-trans	979
sw3884-ms98-a-trans	979
sw3930-ms98-a-trans	979
sw3431-ms98-a-trans	978
sw3607-ms98-a-trans	978
sw3863-ms98-a-trans	978
sw4233-ms98-a-trans	978
sw3201-ms98-a-trans	977
sw3558-ms98-a-trans	977
sw4072-ms98-a-trans	977
sw4618-ms98-a-trans	977
sw3648-ms98-a-trans	976
sw3738-ms98-a-trans	976
sw3887-ms98-a-trans	976
sw3896-ms98-a-trans	976
sw4209-ms98-a-trans	976
sw3761-ms98-a-trans	975
sw4129-ms98-a-trans	975
sw2071-ms98-a-trans	974
sw3132-ms98-a-trans	974
sw3304-ms98-a-trans	974
sw3497-ms98-a-trans	974
sw3811-ms98-a-trans	974
sw3844-ms98-a-trans	974
sw3235-ms98-a-trans	973
sw3310-ms98-a-trans	973
sw3319-ms98-a-trans	973
sw3549-ms98-a-trans	973
sw3965-ms98-a-trans	973
sw4108-ms98-a-trans	973
sw4323-ms98-a-trans	973
sw4588-ms98-a-trans	973
sw4720-ms98-a-trans	973
sw3405-ms98-a-trans	972
sw4285-ms98-a-trans	972
sw4293-ms98-a-trans	972
sw4644-ms98-a-trans	972
sw3402-ms98-a-trans	971
sw3561-ms98-a-trans	971
sw4814-ms98-a-trans	971
sw3495-ms98-a-trans	970
sw3892-ms98-a-trans	970
sw3992-ms98-a-trans	970
sw4346-ms98-a-trans	970
sw3865-ms98-a-trans	969
sw4028-ms98-a-trans	969
sw4329-ms98-a-trans	969
sw2204-ms98-a-trans	968
sw3534-ms98-a-trans	968
sw4257-ms98-a-trans	968
sw4717-ms98-a-trans	968
sw4803-ms98-a-trans	968
sw2989-ms98-a-trans	967
sw3924-ms98-a-trans	967
sw4127-ms98-a-trans	967
sw3160-ms98-a-trans	966
sw3535-ms98-a-trans	965
sw4226-ms98-a-trans	965
sw4925-ms98-a-trans	965
sw3366-ms98-a-trans	964
sw3522-ms98-a-trans	964
sw3597-ms98-a-trans	964
sw3612-ms98-a-trans	964
sw3643-ms98-a-trans	964
sw3915-ms98-a-trans	964
sw4013-ms98-a-trans	964
sw4263-ms98-a-trans	964
sw4331-ms98-a-trans	964
sw4361-ms98-a-trans	964
sw3191-ms98-a-trans	963
sw3619-ms98-a-trans	963
sw4160-ms98-a-trans	963
sw4063-ms98-a-trans	962
sw4083-ms98-a-trans	962
sw3355-ms98-a-trans	961
sw3645-ms98-a-trans	961
sw3814-ms98-a-trans	961
sw3970-ms98-a-trans	961
sw3987-ms98-a-trans	961
sw3517-ms98-a-trans	960
sw3936-ms98-a-trans	960
sw3943-ms98-a-trans	960
sw4006-ms98-a-trans	960
sw4367-ms98-a-trans	960
sw4617-ms98-a-trans	960
sw3712-ms98-a-trans	959
sw3941-ms98-a-trans	959
sw4122-ms98-a-trans	959
sw4696-ms98-a-trans	959
sw4736-ms98-a-trans	959
sw3388-ms98-a-trans	958
sw3398-ms98-a-trans	958
sw4185-ms98-a-trans	958
sw4143-ms98-a-trans	957
sw4180-ms98-a-trans	957
sw4275-ms98-a-trans	957
sw3344-ms98-a-trans	956
sw3820-ms98-a-trans	956
sw2691-ms98-a-trans	955
sw3459-ms98-a-trans	955
sw3714-ms98-a-trans	955
sw3779-ms98-a-trans	955
sw3989-ms98-a-trans	954
sw4169-ms98-a-trans	954
sw4373-ms98-a-trans	954
sw3601-ms98-a-trans	953
sw3752-ms98-a-trans	953
sw4283-ms98-a-trans	953
sw4299-ms98-a-trans	953
sw4784-ms98-a-trans	953
GoedekeThomas	952
sw3302-ms98-a-trans	952
sw3353-ms98-a-trans	952
sw4703-ms98-a-trans	952
sw2280-ms98-a-trans	951
sw3531-ms98-a-trans	951
sw3837-ms98-a-trans	951
sw4003-ms98-a-trans	951
sw4100-ms98-a-trans	951
sw3374-ms98-a-trans	950
sw4074-ms98-a-trans	950
sw3812-ms98-a-trans	949
sw3982-ms98-a-trans	949
sw3329-ms98-a-trans	948
sw3867-ms98-a-trans	948
sw4718-ms98-a-trans	948
sw3036-ms98-a-trans	947
sw3739-ms98-a-trans	947
sw3838-ms98-a-trans	947
sw3955-ms98-a-trans	947
sw3998-ms98-a-trans	947
sw4709-ms98-a-trans	947
sw3500-ms98-a-trans	946
sw3819-ms98-a-trans	946
sw4019-ms98-a-trans	946
sw4362-ms98-a-trans	946
sw4787-ms98-a-trans	946
sw2770-ms98-a-trans	945
sw3526-ms98-a-trans	945
sw3804-ms98-a-trans	945
sw4032-ms98-a-trans	945
sw4128-ms98-a-trans	945
sw4375-ms98-a-trans	945
sw3870-ms98-a-trans	944
sw4073-ms98-a-trans	944
sw4243-ms98-a-trans	944
sw3775-ms98-a-trans	943
sw3950-ms98-a-trans	943
sw4349-ms98-a-trans	943
sw3307-ms98-a-trans	942
sw4605-ms98-a-trans	942
sw4861-ms98-a-trans	942
sw3408-ms98-a-trans	941
sw3690-ms98-a-trans	941
sw3953-ms98-a-trans	941
sw4612-ms98-a-trans	941
sw3279-ms98-a-trans	940
sw3321-ms98-a-trans	940
sw4445-ms98-a-trans	940
sw4680-ms98-a-trans	940
sw4895-ms98-a-trans	940
sw2239-ms98-a-trans	939
sw2375-ms98-a-trans	939
sw2001-ms98-a-trans	938
sw3281-ms98-a-trans	938
sw3460-ms98-a-trans	937
sw3904-ms98-a-trans	937
sw4118-ms98-a-trans	937
sw4523-ms98-a-trans	937
sw3515-ms98-a-trans	936
sw3726-ms98-a-trans	936
sw4016-ms98-a-trans	936
sw4812-ms98-a-trans	936
sw3696-ms98-a-trans	935
sw3702-ms98-a-trans	935
sw3757-ms98-a-trans	935
sw3996-ms98-a-trans	935
sw4030-ms98-a-trans	935
sw4354-ms98-a-trans	935
sw3569-ms98-a-trans	934
sw4012-ms98-a-trans	934
sw4207-ms98-a-trans	934
sw3406-ms98-a-trans	933
sw3665-ms98-a-trans	933
sw3932-ms98-a-trans	933
sw4200-ms98-a-trans	933
sw4495-ms98-a-trans	933
sw4823-ms98-a-trans	933
sw3827-ms98-a-trans	932
sw3889-ms98-a-trans	932
sw4103-ms98-a-trans	932
sw4161-ms98-a-trans	932
sw3372-ms98-a-trans	931
sw3555-ms98-a-trans	931
sw3744-ms98-a-trans	931
sw3794-ms98-a-trans	931
sw4280-ms98-a-trans	931
sw4358-ms98-a-trans	931
sw4088-ms98-a-trans	930
sw4203-ms98-a-trans	930
sw4659-ms98-a-trans	930
sw3256-ms98-a-trans	929
sw3315-ms98-a-trans	929
sw3359-ms98-a-trans	929
sw3942-ms98-a-trans	929
sw3582-ms98-a-trans	928
sw3679-ms98-a-trans	928
sw3983-ms98-a-trans	927
sw4152-ms98-a-trans	927
sw4856-ms98-a-trans	927
sw4170-ms98-a-trans	926
sw4237-ms98-a-trans	926
sw2060-ms98-a-trans	925
sw3658-ms98-a-trans	925
sw4042-ms98-a-trans	925
sw3390-ms98-a-trans	924
sw3537-ms98-a-trans	924
sw3608-ms98-a-trans	924
sw3671-ms98-a-trans	924
sw4104-ms98-a-trans	924
sw4157-ms98-a-trans	924
sw4187-ms98-a-trans	924
sw4218-ms98-a-trans	924
sw4758-ms98-a-trans	924
sw3239-ms98-a-trans	923
sw4053-ms98-a-trans	923
sw4488-ms98-a-trans	923
sw3253-ms98-a-trans	922
sw4000-ms98-a-trans	922
sw4289-ms98-a-trans	922
sw2247-ms98-a-trans	921
sw3423-ms98-a-trans	921
sw3685-ms98-a-trans	921
sw3710-ms98-a-trans	921
sw3840-ms98-a-trans	921
sw4138-ms98-a-trans	921
sw4272-ms98-a-trans	921
sw4274-ms98-a-trans	921
SilvaIvonne	920
sw4232-ms98-a-trans	920
sw2988-ms98-a-trans	919
sw3220-ms98-a-trans	919
sw3655-ms98-a-trans	919
sw3758-ms98-a-trans	919
sw3825-ms98-a-trans	919
sw4029-ms98-a-trans	919
sw4134-ms98-a-trans	919
sw4227-ms98-a-trans	919
sw3484-ms98-a-trans	918
sw3771-ms98-a-trans	918
sw4011-ms98-a-trans	918
sw4130-ms98-a-trans	918
sw4735-ms98-a-trans	918
sw2067-ms98-a-trans	917
sw3806-ms98-a-trans	917
sw3920-ms98-a-trans	917
sw4254-ms98-a-trans	917
sw4326-ms98-a-trans	917
sw4660-ms98-a-trans	917
sw3162-ms98-a-trans	916
sw4816-ms98-a-trans	916
sw2265-ms98-a-trans	915
sw3428-ms98-a-trans	915
sw4826-ms98-a-trans	915
sw2055-ms98-a-trans	914
sw3543-ms98-a-trans	914
sw4060-ms98-a-trans	914
sw4068-ms98-a-trans	914
sw4858-ms98-a-trans	914
sw3335-ms98-a-trans	913
sw3444-ms98-a-trans	913
sw4115-ms98-a-trans	913
sw4756-ms98-a-trans	913
sw4940-ms98-a-trans	913
sw3309-ms98-a-trans	912
sw3458-ms98-a-trans	912
sw3766-ms98-a-trans	912
sw4017-ms98-a-trans	912
sw4309-ms98-a-trans	912
sw4310-ms98-a-trans	912
sw4770-ms98-a-trans	912
JandaJanet	911
sw3450-ms98-a-trans	911
sw4190-ms98-a-trans	911
sw4336-ms98-a-trans	911
sw4245-ms98-a-trans	910
sw3297-ms98-a-trans	909
sw3336-ms98-a-trans	909
sw3553-ms98-a-trans	909
sw4039-ms98-a-trans	909
sw4146-ms98-a-trans	908
sw4165-ms98-a-trans	908
sw4559-ms98-a-trans	908
sw3592-ms98-a-trans	907
sw3815-ms98-a-trans	907
sw4155-ms98-a-trans	907
sw4281-ms98-a-trans	907
sw4698-ms98-a-trans	907
sw3881-ms98-a-trans	906
sw3922-ms98-a-trans	906
sw3833-ms98-a-trans	905
sw3903-ms98-a-trans	905
sw4526-ms98-a-trans	905
sw3263-ms98-a-trans	904
sw4005-ms98-a-trans	904
sw4102-ms98-a-trans	904
sw4154-ms98-a-trans	904
sw3193-ms98-a-trans	903
sw3313-ms98-a-trans	901
sw4809-ms98-a-trans	901
sw4874-ms98-a-trans	901
sw2413-ms98-a-trans	900
sw3520-ms98-a-trans	900
sw3636-ms98-a-trans	900
sw3675-ms98-a-trans	900
sw4105-ms98-a-trans	900
sw4220-ms98-a-trans	900
sw4642-ms98-a-trans	900
sw4669-ms98-a-trans	900
sw2520-ms98-a-trans	899
sw3962-ms98-a-trans	899
sw4026-ms98-a-trans	899
sw4328-ms98-a-trans	899
sw3547-ms98-a-trans	897
sw3799-ms98-a-trans	897
sw4034-ms98-a-trans	897
sw4303-ms98-a-trans	897
sw4376-ms98-a-trans	896
sw4679-ms98-a-trans	896
sw4902-ms98-a-trans	896
sw3265-ms98-a-trans	895
sw3518-ms98-a-trans	895
sw3566-ms98-a-trans	895
sw3848-ms98-a-trans	895
sw3993-ms98-a-trans	895
sw4055-ms98-a-trans	895
sw4646-ms98-a-trans	895
sw4667-ms98-a-trans	895
sw3944-ms98-a-trans	894
sw4112-ms98-a-trans	894
sw4158-ms98-a-trans	894
sw4201-ms98-a-trans	894
sw4211-ms98-a-trans	894
sw4268-ms98-a-trans	894
sw2114-ms98-a-trans	892
sw3801-ms98-a-trans	892
sw4843-ms98-a-trans	892
sw3999-ms98-a-trans	891
sw4370-ms98-a-trans	891
sw4383-ms98-a-trans	891
sw4047-ms98-a-trans	890
sw3541-ms98-a-trans	889
sw3577-ms98-a-trans	889
sw3786-ms98-a-trans	889
sw2118-ms98-a-trans	888
sw2501-ms98-a-trans	888
sw2900-ms98-a-trans	888
sw3513-ms98-a-trans	888
sw4337-ms98-a-trans	888
sw3939-ms98-a-trans	887
sw4050-ms98-a-trans	887
sw4070-ms98-a-trans	887
sw4262-ms98-a-trans	887
sw4576-ms98-a-trans	887
sw4684-ms98-a-trans	887
sw4067-ms98-a-trans	885
sw4835-ms98-a-trans	885
sw3422-ms98-a-trans	884
sw3377-ms98-a-trans	883
sw4174-ms98-a-trans	883
sw4355-ms98-a-trans	883
sw4603-ms98-a-trans	883
sw4796-ms98-a-trans	883
sw3591-ms98-a-trans	882
sw4497-ms98-a-trans	882
sw3163-ms98-a-trans	881
sw3677-ms98-a-trans	881
sw4304-ms98-a-trans	881
sw3216-ms98-a-trans	880
sw3381-ms98-a-trans	880
sw3476-ms98-a-trans	880
sw4622-ms98-a-trans	880
sw3248-ms98-a-trans	879
sw3283-ms98-a-trans	879
sw3407-ms98-a-trans	879
sw3226-ms98-a-trans	877
sw3638-ms98-a-trans	876
sw3732-ms98-a-trans	876
sw4382-ms98-a-trans	876
sw4834-ms98-a-trans	876
sw3770-ms98-a-trans	875
sw4125-ms98-a-trans	875
sw4926-ms98-a-trans	875
sw3491-ms98-a-trans	874
sw4255-ms98-a-trans	874
sw4269-ms98-a-trans	874
sw4325-ms98-a-trans	874
sw4343-ms98-a-trans	874
sw3849-ms98-a-trans	873
sw4832-ms98-a-trans	873
sw3686-ms98-a-trans	872
sw3776-ms98-a-trans	872
sw3351-ms98-a-trans	871
sw3574-ms98-a-trans	870
sw4297-ms98-a-trans	870
sw4836-ms98-a-trans	870
sw2796-ms98-a-trans	869
sw2259-ms98-a-trans	868
sw2301-ms98-a-trans	868
sw4189-ms98-a-trans	868
sw4096-ms98-a-trans	867
sw4607-ms98-a-trans	867
sw4908-ms98-a-trans	867
sw3334-ms98-a-trans	866
sw3392-ms98-a-trans	866
sw3808-ms98-a-trans	866
sw2774-ms98-a-trans	865
sw4186-ms98-a-trans	865
sw4306-ms98-a-trans	865
sw3295-ms98-a-trans	863
sw3949-ms98-a-trans	863
sw3300-ms98-a-trans	862
sw3387-ms98-a-trans	861
sw4240-ms98-a-trans	861
sw4378-ms98-a-trans	860
sw3412-ms98-a-trans	858
sw4213-ms98-a-trans	858
sw4341-ms98-a-trans	858
sw3233-ms98-a-trans	856
sw4151-ms98-a-trans	856
sw4217-ms98-a-trans	856
sw3700-ms98-a-trans	855
sw3972-ms98-a-trans	854
sw4565-ms98-a-trans	853
sw4140-ms98-a-trans	852
sw2915-ms98-a-trans	851
sw4210-ms98-a-trans	849
sw3929-ms98-a-trans	847
sw2124-ms98-a-trans	845
sw2883-ms98-a-trans	845
sw3182-ms98-a-trans	845
sw3284-ms98-a-trans	845
sw3791-ms98-a-trans	845
sw4051-ms98-a-trans	845
sw4090-ms98-a-trans	845
sw4222-ms98-a-trans	844
sw2244-ms98-a-trans	842
sw4448-ms98-a-trans	842
sw3445-ms98-a-trans	841
sw3733-ms98-a-trans	841
sw4519-ms98-a-trans	839
sw3114-ms98-a-trans	838
sw3417-ms98-a-trans	837
sw4058-ms98-a-trans	837
sw4064-ms98-a-trans	837
sw4075-ms98-a-trans	837
sw4196-ms98-a-trans	836
sw3367-ms98-a-trans	835
sw4124-ms98-a-trans	835
sw4629-ms98-a-trans	835
sw4572-ms98-a-trans	834
sw3763-ms98-a-trans	833
sw4332-ms98-a-trans	833
sw3328-ms98-a-trans	832
sw3360-ms98-a-trans	832
sw4702-ms98-a-trans	831
sw3784-ms98-a-trans	829
sw3399-ms98-a-trans	827
sw3960-ms98-a-trans	827
sw4101-ms98-a-trans	827
sw3187-ms98-a-trans	825
sw3656-ms98-a-trans	823
sw3836-ms98-a-trans	823
sw3286-ms98-a-trans	822
sw4144-ms98-a-trans	822
sw3234-ms98-a-trans	821
sw3628-ms98-a-trans	821
sw2296-ms98-a-trans	820
sw3206-ms98-a-trans	820
sw3362-ms98-a-trans	819
sw3788-ms98-a-trans	819
sw4421-ms98-a-trans	819
sw4901-ms98-a-trans	819
sw3850-ms98-a-trans	818
sw3856-ms98-a-trans	816
sw4059-ms98-a-trans	816
sw4364-ms98-a-trans	816
sw2330-ms98-a-trans	815
sw3610-ms98-a-trans	815
sw3680-ms98-a-trans	814
sw4120-ms98-a-trans	814
sw4869-ms98-a-trans	814
sw4298-ms98-a-trans	813
sw4284-ms98-a-trans	811
sw3157-ms98-a-trans	809
sw3860-ms98-a-trans	807
sw4903-ms98-a-trans	807
sw2195-ms98-a-trans	805
sw3719-ms98-a-trans	802
sw4188-ms98-a-trans	801
sw3175-ms98-a-trans	800
sw4312-ms98-a-trans	798
sw3327-ms98-a-trans	797
sw4198-ms98-a-trans	797
sw4018-ms98-a-trans	796
sw3511-ms98-a-trans	795
sw4054-ms98-a-trans	795
sw2014-ms98-a-trans	794
sw3505-ms98-a-trans	794
sw4802-ms98-a-trans	793
sw4311-ms98-a-trans	792
sw3488-ms98-a-trans	791
sw3644-ms98-a-trans	791
sw3905-ms98-a-trans	790
sw4191-ms98-a-trans	790
sw3502-ms98-a-trans	789
sw4345-ms98-a-trans	789
sw4202-ms98-a-trans	784
sw4111-ms98-a-trans	783
sw3386-ms98-a-trans	782
sw3421-ms98-a-trans	782
sw3357-ms98-a-trans	781
sw3747-ms98-a-trans	779
sw3247-ms98-a-trans	778
sw3441-ms98-a-trans	778
sw3642-ms98-a-trans	776
sw4044-ms98-a-trans	776
sw4244-ms98-a-trans	776
sw4871-ms98-a-trans	776
sw3172-ms98-a-trans	775
sw3409-ms98-a-trans	775
sw3439-ms98-a-trans	775
sw4258-ms98-a-trans	773
sw4132-ms98-a-trans	770
sw3952-ms98-a-trans	769
sw3676-ms98-a-trans	767
sw3170-ms98-a-trans	766
sw3979-ms98-a-trans	763
sw3626-ms98-a-trans	762
sw3227-ms98-a-trans	761
sw3270-ms98-a-trans	758
StoweCatherine	757
sw3668-ms98-a-trans	755
BranchElbert	753
sw3631-ms98-a-trans	753
sw2271-ms98-a-trans	752
sw3557-ms98-a-trans	749
sw3292-ms98-a-trans	746
sw3205-ms98-a-trans	744
sw4360-ms98-a-trans	744
FosterDimitra	737
sw3341-ms98-a-trans	732
sw4366-ms98-a-trans	728
sw3397-ms98-a-trans	727
sw4002-ms98-a-trans	723
sw2593-ms98-a-trans	721
sw4769-ms98-a-trans	721
sw4365-ms98-a-trans	720
sw3530-ms98-a-trans	718
sw4205-ms98-a-trans	717
sw3215-ms98-a-trans	716
sw3184-ms98-a-trans	712
sw2008-ms98-a-trans	709
sw2694-ms98-a-trans	705
sw3548-ms98-a-trans	705
sw4230-ms98-a-trans	700
sw4009-ms98-a-trans	675
sw2151-ms98-a-trans	660
sw3447-ms98-a-trans	660
sw3697-ms98-a-trans	654
sw4004-ms98-a-trans	646
sw3385-ms98-a-trans	644
sw3514-ms98-a-trans	632
sw3197-ms98-a-trans	629
HicksDebra	627
sw2743-ms98-a-trans	623
sw3272-ms98-a-trans	618
sw3331-ms98-a-trans	614
sw2163-ms98-a-trans	613
sw4875-ms98-a-trans	590
sw4247-ms98-a-trans	586
sw3303-ms98-a-trans	584
sw3425-ms98-a-trans	558
PolkMaria	514
sw2104-ms98-a-trans	493
sw2532-ms98-a-trans	488
sw2123-ms98-a-trans	482
sw3208-ms98-a-trans	445
sw3230-ms98-a-trans	443
sw3173-ms98-a-trans	432
sw2450-ms98-a-trans	400
sw4116-ms98-a-trans	369
RindnerBonnie	346
sw3202-ms98-a-trans	338
MylesDorian	331
CorderoRosalinda	309
sw3267-ms98-a-trans	264
MurphySarah	254
sw2120-ms98-a-trans	228
sw3199-ms98-a-trans	190
sw3178-ms98-a-trans	173
sw3217-ms98-a-trans	125
