wordform	frequency
and	8980
i	7471
the	6817
to	4883
was	4352
that	4210
a	4003
you	3984
it	3594
of	3385
in	2754
's	2219
we	2196
my	2126
he	2064
she	1917
n't	1910
um	1853
they	1799
know	1783
so	1718
uh	1707
do	1499
like	1481
had	1475
but	1454
there	1207
on	1194
just	1161
me	1139
would	1138
were	1131
about	1081
did	1049
what	1021
with	999
or	968
have	967
is	956
for	952
all	951
this	939
when	888
up	883
her	855
at	846
out	786
one	783
because	775
go	674
said	669
well	657
really	643
not	632
then	611
your	598
be	596
think	592
time	577
got	574
them	567
going	566
remember	564
as	563
from	560
'm	548
get	529
little	511
\	498
yeah	474
him	466
back	462
could	449
'd	448
some	431
down	426
if	424
went	411
his	410
very	410
people	398
stories	396
're	391
how	384
kind	383
no	381
are	380
lot	375
oh	373
read	367
right	364
now	361
story	359
can	340
who	331
us	330
where	329
things	328
tell	318
other	307
school	307
always	300
house	299
ok	297
over	289
see	285
family	284
an	282
here	279
something	279
been	277
mean	273
years	267
've	264
any	263
much	263
never	262
say	255
told	255
come	254
uh-huh	254
dad	253
good	249
way	246
guess	245
thing	243
mother	242
still	240
into	238
came	233
our	233
big	229
two	229
their	227
around	225
day	224
by	221
probably	220
first	219
which	219
want	215
anything	212
those	211
mom	205
stuff	205
old	201
even	198
'll	197
more	197
off	196
books	194
too	188
home	187
through	179
take	178
after	177
being	177
put	172
why	172
life	171
used	168
thought	167
actually	165
these	165
let	164
reading	163
everything	161
make	159
year	159
three	158
only	156
ever	155
every	155
pretty	155
ah	152
course	152
different	152
name	152
children	151
lived	151
made	149
/	148
called	146
high	146
does	145
maybe	145
whole	144
before	142
took	142
kids	140
than	140
book	139
car	138
has	138
place	138
started	138
grandmother	136
wanted	136
ca	135
favorite	135
night	134
-	133
everybody	132
also	131
charlotte	130
knew	126
yes	125
most	124
doing	121
another	120
long	120
real	120
talk	119
whatever	118
work	117
great	116
else	115
sister	115
many	113
until	113
parents	112
part	112
new	111
saying	111
sure	111
father	108
four	108
(	107
)	106
left	105
same	105
friends	103
play	102
trying	102
again	101
getting	100
together	99
both	98
brother	98
grandfather	98
man	98
love	97
died	96
point	96
anyway	95
happened	95
road	95
sort	95
away	94
times	94
five	93
talking	92
next	91
:	90
call	90
coming	90
while	90
child	88
area	86
moved	86
guy	85
look	85
older	83
town	83
done	82
;	81
daddy	81
each	81
live	81
later	80
since	80
girl	79
born	78
person	78
side	78
black	77
liked	77
particular	77
room	77
young	77
decided	76
will	76
own	75
six	75
best	73
bit	73
fun	73
beach	72
telling	72
drive	71
during	71
need	71
nothing	71
couple	70
end	70
find	70
heard	70
kept	70
looking	70
nice	70
running	70
door	69
grew	69
last	69
married	69
saw	69
working	69
living	68
run	68
`	67
goes	67
looked	67
um-hum	67
far	66
grade	66
interesting	66
somebody	66
walk	66
worked	66
world	66
having	65
am	64
feel	64
hard	64
once	64
should	64
college	63
few	63
front	63
give	63
basically	62
close	62
start	62
summer	62
asked	61
boy	61
help	61
loved	61
says	61
sit	61
age	60
believe	60
care	60
days	60
movie	60
small	60
street	60
able	59
enough	59
such	59
thank	59
though	59
10	58
gone	58
growing	58
sitting	58
city	57
hit	57
money	57
myself	57
comes	56
fact	56
friend	56
god	56
stay	56
type	56
ask	55
bad	55
hear	55
met	55
morning	55
nc	55
water	55
definitely	54
least	54
might	54
white	54
aunt	53
behind	53
better	53
girls	53
minutes	53
half	52
job	52
kid	52
today	52
try	52
week	52
christmas	51
felt	51
found	51
funny	51
keep	51
played	51
playing	51
war	51
ride	50
wonderful	50
almost	49
change	49
country	49
eat	49
top	49
tree	49
under	49
use	49
whether	49
driving	48
finally	48
sometimes	48
uncle	48
absolutely	47
along	47
eight	47
group	47
guys	47
head	47
move	47
boys	46
church	46
hill	46
talked	46
teacher	46
walking	46
wow	46
dinner	45
grandparents	45
history	45
middle	45
seen	45
bed	44
experience	44
gave	44
mama	44
meet	44
pick	44
quite	44
sisters	44
thinking	44
woman	44
cousins	43
ended	43
fine	43
husband	43
leave	43
mind	43
window	43
across	42
childhood	42
cool	42
either	42
enjoy	42
outside	42
writing	42
wrong	42
anybody	41
became	41
cut	41
early	41
hospital	41
important	41
making	41
spent	41
yard	41
younger	41
12	40
15	40
beautiful	40
bus	40
farm	40
someone	40
usually	40
visit	40
yet	40
between	39
crazy	39
nobody	39
reason	39
seven	39
sports	39
stop	39
truck	39
ago	38
granny	38
hour	38
may	38
memories	38
rest	38
weeks	38
20	37
bought	37
happy	37
huh	37
lake	37
lives	37
open	37
scary	37
stayed	37
th	37
understand	37
wife	37
ahead	36
brothers	36
feet	36
men	36
needed	36
number	36
ones	36
scared	36
son	36
store	36
taking	36
turn	36
30	35
everyone	35
lost	35
miles	35
ready	35
sat	35
words	35
write	35
county	34
music	34
must	34
named	34
north	34
park	34
passed	34
built	33
cause	33
cousin	33
exactly	33
lady	33
learn	33
learned	33
months	33
places	33
rock	33
set	33
tried	33
umm	33
walked	33
watch	33
women	33
animals	32
dog	32
helped	32
huge	32
lord	32
nine	32
special	32
2	31
air	31
drove	31
honey	31
jbm	31
kinds	31
late	31
phone	31
show	31
sudden	31
true	31
bring	30
certain	30
fell	30
food	30
pull	30
raised	30
several	30
south	30
already	29
anymore	29
chicken	29
dollars	29
especially	29
fire	29
hand	29
happen	29
library	29
second	29
woods	29
afternoon	28
dating	28
forth	28
gets	28
hours	28
houses	28
idea	28
mr	28
pressure	28
question	28
ran	28
seemed	28
sorry	28
tape	28
trouble	28
art	27
bedroom	27
date	27
enjoyed	27
fairly	27
floor	27
full	27
highway	27
imagine	27
land	27
mad	27
matter	27
property	27
shoes	27
speckman	27
train	27
ways	27
50	26
break	26
brought	26
clothes	26
deal	26
education	26
fall	26
mountain	26
near	26
neighborhood	26
often	26
s	26
sound	26
supposed	26
tennis	26
trees	26
turned	26
baby	25
baseball	25
become	25
class	25
dress	25
english	25
heart	25
pictures	25
putting	25
radio	25
river	25
seeing	25
soon	25
spend	25
sunday	25
taken	25
um-huh	25
16	24
although	24
doctor	24
grown	24
killed	24
mine	24
neat	24
obviously	24
porch	24
riding	24
sell	24
sense	24
shot	24
so--	24
speak	24
tells	24
ten	24
voice	24
without	24
against	23
aircraft	23
appreciate	23
building	23
buy	23
carolina	23
culture	23
die	23
everyday	23
except	23
experiences	23
fast	23
forget	23
hum	23
hurt	23
interest	23
interview	23
lots	23
lunch	23
moving	23
oil	23
problem	23
seems	23
sick	23
taught	23
totally	23
tv	23
united	23
wear	23
60	22
anyone	22
arm	22
asking	22
caught	22
creek	22
daughter	22
desk	22
face	22
friday	22
grandpa	22
hundred	22
ice	22
knows	22
large	22
light	22
milk	22
newspaper	22
red	22
somewhere	22
state	22
third	22
watching	22
wo	22
wrote	22
york	22
apartment	21
closer	21
community	21
crying	21
d	21
dead	21
extremely	21
grandma	21
guerrillas	21
junior	21
members	21
michaela	21
movies	21
necessarily	21
ooh	21
past	21
sounds	21
table	21
upset	21
whenever	21
yourself	21
11	20
answer	20
background	20
business	20
company	20
dirt	20
downtown	20
free	20
hmm	20
inside	20
involved	20
miss	20
picture	20
please	20
recall	20
share	20
stopped	20
tina	20
tony	20
towards	20
wait	20
word	20
adult	19
afraid	19
american	19
army	19
blue	19
bunch	19
cars	19
chance	19
club	19
gosh	19
gotten	19
hands	19
hang	19
hat	19
hearing	19
kitchen	19
language	19
level	19
lincolnton	19
makes	19
mostly	19
paper	19
parts	19
period	19
piano	19
pulled	19
rather	19
situation	19
sleep	19
teachers	19
university	19
wash	19
within	19
y	19
00	18
and--	18
basketball	18
beat	18
build	18
catch	18
certainly	18
changed	18
character	18
cute	18
damn	18
eating	18
elementary	18
fiction	18
figure	18
foot	18
game	18
games	18
general	18
girlfriend	18
grow	18
hey	18
hood	18
hot	18
interested	18
main	18
month	18
noticed	18
pass	18
pay	18
personality	18
pieces	18
power	18
remembered	18
reunion	18
san	18
saturday	18
short	18
snow	18
specifically	18
standing	18
staying	18
study	18
trip	18
vacation	18
ate	17
chase	17
cold	17
decision	17
families	17
gas	17
goats	17
green	17
hair	17
hole	17
known	17
mary	17
nervous	17
office	17
opened	17
poor	17
sad	17
shopping	17
stand	17
starting	17
states	17
station	17
straight	17
students	17
takes	17
theater	17
u	17
welcome	17
west	17
19	16
40	16
[	16
]	16
amazing	16
arrived	16
based	16
bible	16
characters	16
climb	16
drink	16
egypt	16
fifth	16
fight	16
fort	16
fourth	16
headed	16
kill	16
laugh	16
mailbox	16
major	16
minute	16
o'clock	16
oldest	16
opportunity	16
poem	16
problems	16
realize	16
ryan	16
sent	16
strong	16
tires	16
va	16
van	16
wants	16
alive	15
attention	15
box	15
broken	15
cancer	15
collection	15
color	15
dance	15
dark	15
dirty	15
dr	15
eventually	15
everywhere	15
forgot	15
given	15
grandpop	15
hated	15
herself	15
industry	15
leg	15
mark	15
matthews	15
member	15
mouth	15
neighbor	15
poems	15
poetry	15
president	15
questions	15
rd	15
rich	15
soldiers	15
somehow	15
southern	15
system	15
tall	15
themselves	15
touch	15
tractor	15
types	15
um--	15
wake	15
weekend	15
written	15
youngest	15
ai	14
airport	14
aunts	14
beginning	14
bet	14
degree	14
deirdre	14
depression	14
dictionary	14
difficult	14
disney	14
eyes	14
feeling	14
goat	14
hanging	14
happens	14
himself	14
hope	14
horrible	14
hotel	14
instead	14
jennifer	14
joe	14
letters	14
linda	14
looks	14
ma'am	14
motorcycle	14
parking	14
picked	14
pool	14
quiet	14
recently	14
relatives	14
rode	14
sand	14
schools	14
spencer	14
tire	14
turns	14
union	14
wall	14
warm	14
washington	14
watched	14
wild	14
wv	14
$	13
5	13
80	13
alone	13
augusta	13
bottom	13
bread	13
climbed	13
dogs	13
drinking	13
driveway	13
easy	13
evening	13
excited	13
fence	13
finished	13
fishing	13
flew	13
follow	13
french	13
future	13
garden	13
giving	13
ground	13
hi	13
hold	13
imagination	13
immediately	13
impact	13
indian	13
individuals	13
information	13
knowing	13
listening	13
literally	13
locked	13
longer	13
lose	13
meant	13
meeting	13
nose	13
or--	13
pilots	13
proud	13
robin	13
roof	13
science	13
senior	13
series	13
service	13
seventh	13
smoke	13
space	13
spring	13
step	13
stuck	13
sun	13
support	13
sweet	13
teenager	13
tired	13
training	13
upon	13
waiting	13
wanting	13
weird	13
wore	13
1	12
andy	12
anywhere	12
apparently	12
author	12
ball	12
bathroom	12
buckhannon	12
butt	12
c	12
camp	12
camping	12
carry	12
check	12
chickens	12
cover	12
cows	12
creative	12
death	12
dishes	12
dream	12
dude	12
feathers	12
fish	12
fit	12
fl	12
force	12
ga	12
george	12
graduated	12
grandchildren	12
helping	12
hung	12
its	12
itself	12
july	12
jump	12
jumping	12
low	12
mountains	12
names	12
native	12
novels	12
ny	12
others	12
owned	12
perfect	12
present	12
quit	12
realized	12
recording	12
roads	12
sally	12
separate	12
shale	12
sheet	12
st	12
strange	12
suits	12
teach	12
tend	12
test	12
trailer	12
visiting	12
windows	12
wish	12
13	11
22	11
25	11
70	11
act	11
add	11
alynne	11
america	11
anyways	11
areas	11
authors	11
barn	11
began	11
bird	11
boston	11
bother	11
broke	11
career	11
cigarettes	11
consider	11
continue	11
continued	11
difference	11
dolls	11
earlier	11
east	11
edge	11
entire	11
escape	11
falling	11
female	11
field	11
fond	11
funeral	11
german	11
ghost	11
guelph	11
happening	11
held	11
hell	11
iron	11
japanese	11
jet	11
jobs	11
laundry	11
likes	11
line	11
lion	11
listen	11
loving	11
meaning	11
memaw	11
mill	11
myrtle	11
pause	11
paying	11
picking	11
plenty	11
pony	11
quickly	11
rain	11
reasons	11
save	11
seem	11
send	11
settled	11
shop	11
sleeping	11
spot	11
storm	11
subject	11
supposedly	11
tabatha	11
thanksgiving	11
theatre	11
tradition	11
truth	11
uncles	11
underneath	11
understanding	11
weather	11
wet	11
whose	11
winter	11
woke	11
works	11
yellow	11
17	10
99	10
artist	10
aspect	10
awful	10
bear	10
bebe	10
begin	10
bigger	10
boat	10
bright	10
busy	10
but--	10
ceiling	10
choice	10
choose	10
chose	10
classes	10
clear	10
completely	10
court	10
december	10
degrees	10
details	10
developed	10
disappointed	10
figured	10
fixed	10
francisco	10
freedom	10
fresh	10
glass	10
grandmom	10
grocery	10
gym	10
ha	10
historical	10
hunting	10
japan	10
jumped	10
knees	10
lay	10
learning	10
lights	10
managed	10
market	10
match	10
monkey	10
mrs	10
normally	10
pain	10
patrol	10
piece	10
prior	10
project	10
reality	10
regulator	10
related	10
rent	10
respect	10
rocks	10
rotation	10
season	10
seat	10
sergeant	10
sharing	10
shit	10
sides	10
single	10
size	10
ski	10
smoking	10
sometime	10
songs	10
specific	10
storyteller	10
storytelling	10
suppose	10
surprised	10
teaching	10
tent	10
throw	10
throwing	10
till	10
tiny	10
travel	10
treated	10
worst	10
writers	10
yep	10
ï¿½	10
24	9
90	9
anyhow	9
april	9
assistant	9
bag	9
bandit	9
base	9
blood	9
bragg	9
bridge	9
calling	9
campus	9
cannot	9
careful	9
case	9
cinderella	9
computer	9
condition	9
constantly	9
construction	9
contact	9
corner	9
covered	9
craig	9
debbie	9
decide	9
differences	9
driver	9
drop	9
e	9
electric	9
environment	9
exciting	9
explain	9
eye	9
feelings	9
finger	9
flat	9
flowers	9
flying	9
football	9
foundation	9
golden	9
golly	9
gravy	9
great-grandfather	9
groups	9
hay	9
heading	9
hearse	9
hide	9
holding	9
hooked	9
idlewild	9
individual	9
jesus	9
keeping	9
kindergarten	9
laughing	9
legs	9
lessons	9
loose	9
lucky	9
march	9
memory	9
mention	9
message	9
mommy	9
monday	9
neighbors	9
neither	9
nick	9
niece	9
nurse	9
nursing	9
onto	9
order	9
parker	9
particularly	9
party	9
personal	9
pet	9
pizza	9
points	9
principal	9
relationship	9
rice	9
sandra	9
santa	9
sc	9
screaming	9
shared	9
sheriff	9
shock	9
shut	9
siblings	9
similar	9
smart	9
speaking	9
stepped	9
stuffed	9
stupid	9
swing	9
tales	9
teenagers	9
terrible	9
thousand	9
threw	9
tobacco	9
tomboy	9
total	9
traveling	9
trunk	9
twenty	9
unusual	9
upstairs	9
virginia	9
whoever	9
worse	9
100	8
18	8
1930	8
above	8
accent	8
added	8
address	8
adults	8
alonso	8
altitude	8
angry	8
answered	8
august	8
babe	8
band	8
basic	8
beer	8
bike	8
bikes	8
birthday	8
board	8
boyfriend	8
branches	8
breakfast	8
breathing	8
burn	8
candy	8
cat	8
catholic	8
center	8
cents	8
century	8
chapter	8
chicago	8
china	8
cia	8
cities	8
civil	8
clearly	8
cliff	8
colors	8
control	8
cow	8
cream	8
created	8
cross	8
dangerous	8
department	8
depends	8
directly	8
doug	8
draw	8
dreams	8
drew	8
earth	8
elizabeth	8
excuse	8
extra	8
famous	8
farmer	8
fayetteville	8
fear	8
fiddler	8
fighting	8
forward	8
france	8
furniture	8
garage	8
grabbed	8
grapes	8
growth	8
halfway	8
hate	8
heritage	8
hero	8
highly	8
hurricane	8
ii	8
incredible	8
island	8
jersey	8
joy	8
kevin	8
leaves	8
less	8
likely	8
luis	8
manager	8
manhattan	8
marriage	8
marshall	8
mile	8
military	8
modern	8
monroe	8
nuclear	8
numbers	8
o	8
opposed	8
pa	8
parked	8
plane	8
police	8
political	8
pop	8
popular	8
practice	8
purple	8
quick	8
rabbits	8
ramona	8
reader	8
restaurant	8
reunions	8
rolled	8
sarah	8
scare	8
sean	8
shirts	8
shortly	8
shows	8
sixth	8
skiing	8
skin	8
smoked	8
social	8
sold	8
stands	8
steve	8
stick	8
stores	8
suddenly	8
tail	8
tammy	8
television	8
tomatoes	8
treat	8
truly	8
tx	8
unit	8
unless	8
washing	8
wing	8
worried	8
worth	8
writer	8
wwii	8
000	7
35	7
4	7
45	7
51	7
according	7
acres	7
acted	7
actual	7
alex	7
animal	7
artists	7
awesome	7
bang	7
basis	7
beans	7
bedtime	7
begging	7
believed	7
bell	7
belt	7
beside	7
birth	7
blvd	7
body	7
boxes	7
brings	7
bunny	7
burned	7
bye	7
captured	7
chambers	7
chocolate	7
circle	7
classroom	7
click	7
closed	7
co	7
coca-	7
cola	7
compared	7
concord	7
connection	7
couch	7
crowd	7
cultures	7
dean	7
describe	7
diagnosed	7
distance	7
doors	7
dropped	7
dying	7
equipment	7
events	7
evidently	7
experienced	7
fan	7
fascinating	7
firecrackers	7
fired	7
fix	7
flight	7
folks	7
forgotten	7
fortunately	7
gaston	7
gold	7
goodness	7
graduate	7
granddaddy	7
hall	7
handle	7
health	7
hop	7
hoping	7
horse	7
however	7
including	7
incredibly	7
independence	7
inspection	7
invited	7
john	7
just--	7
knife	7
know--	7
knowed	7
laid	7
laughed	7
laying	7
leola	7
letting	7
librarian	7
list	7
location	7
longest	7
lug	7
maxima	7
means	7
medical	7
mentioned	7
missed	7
mixed	7
model	7
mysteries	7
nature	7
needless	7
nj	7
normal	7
nowhere	7
opportunities	7
orange	7
originally	7
page	7
paint	7
pair	7
parent	7
peanut	7
perhaps	7
perspective	7
petals	7
pierre	7
plastic	7
playground	7
plot	7
plus	7
pokemon	7
polio	7
pond	7
positive	7
potatoes	7
pregnant	7
prepared	7
pretend	7
program	7
pulling	7
pushed	7
quail	7
quote	7
race	7
railroad	7
raleigh	7
return	7
robinsville	7
roll	7
route	7
safe	7
saved	7
seuss	7
shelf	7
showed	7
sign	7
silly	7
sing	7
slate	7
slow	7
slowly	7
smell	7
snake	7
sneak	7
somewhat	7
spending	7
spiritual	7
sport	7
stairs	7
steal	7
stood	7
summertime	7
swimming	7
tied	7
to--	7
tom	7
tomorrow	7
toward	7
tragedy	7
tribe	7
trips	7
trucks	7
trumpet	7
trust	7
twice	7
twins	7
unfortunately	7
walls	7
wealthy	7
weddings	7
wendy	7
whereas	7
wherever	7
won	7
wound	7
14	6
1992	6
21	6
57	6
7	6
a-	6
ability	6
accident	6
acting	6
among	6
ann	6
apart	6
arms	6
attitude	6
awhile	6
backyard	6
balance	6
bath	6
beauty	6
beaver	6
becoming	6
beds	6
behold	6
bend	6
besides	6
beyond	6
bicycle	6
blast	6
blocks	6
bomb	6
bottle	6
brian	6
brick	6
brooklyn	6
brown	6
buildings	6
buses	6
butter	6
carried	6
carrying	6
cartoons	6
central	6
chain	6
chairs	6
champagne	6
charge	6
charged	6
checked	6
chin	6
clean	6
closet	6
clubs	6
clunk	6
coffee	6
columbus	6
combination	6
common	6
competition	6
connect	6
considered	6
convent	6
conversation	6
convinced	6
cook	6
cooking	6
count	6
counter	6
crack	6
cried	6
cuba	6
dancing	6
daughters	6
development	6
doll	6
drawing	6
duck	6
effect	6
eighth	6
embarrassed	6
emergency	6
enjoying	6
eric	6
event	6
exam	6
expected	6
faces	6
fantastic	6
february	6
fianc	6
fill	6
filled	6
fingers	6
finish	6
finishing	6
fly	6
following	6
fought	6
frustrated	6
further	6
generally	6
germany	6
giant	6
gift	6
gifts	6
gives	6
grab	6
grand	6
grandmothers	6
grant	6
great-grandmother	6
guard	6
gun	6
hello	6
higher	6
hook	6
horns	6
humor	6
huntersville	6
ideas	6
impression	6
indians	6
ines	6
influence	6
interviewing	6
irish	6
jackie	6
jail	6
jamieson	6
jealous	6
jeff	6
jewish	6
joke	6
jungle	6
ketchup	6
kidding	6
knock	6
knocked	6
lamp	6
leaving	6
lesson	6
lewis	6
lie	6
lighter	6
like--	6
livestock	6
local	6
loud	6
m	6
mail	6
male	6
marry	6
material	6
meat	6
mess	6
metal	6
miami	6
michigan	6
million	6
mimi	6
mint	6
mistake	6
momma	6
monster	6
mornings	6
ms	6
mule	6
nails	6
needs	6
news	6
nickel	6
non-fiction	6
none	6
officer	6
organization	6
ourselves	6
passion	6
pasture	6
pat	6
pearl	6
pen	6
pier	6
pigs	6
piles	6
pilot	6
pole	6
pooh	6
possible	6
practical	6
pride	6
proceeded	6
profession	6
propst	6
prove	6
providence	6
push	6
quarter	6
raising	6
reach	6
recent	6
required	6
rid	6
rides	6
rocking	6
roller	6
rooms	6
roosevelt	6
rotate	6
round	6
runs	6
sandwiches	6
saturdays	6
scotland	6
screamed	6
secret	6
sees	6
serious	6
shoot	6
shooting	6
shower	6
situations	6
slide	6
smaller	6
smile	6
sons	6
soup	6
star	6
stars	6
starts	6
steps	6
sticks	6
streets	6
student	6
studio	6
style	6
sucker	6
suit	6
t	6
tag	6
team	6
telephone	6
tended	6
term	6
terms	6
thanks	6
the--	6
thick	6
thinks	6
thirty	6
thrown	6
ticket	6
tore	6
toronto	6
track	6
traffic	6
trigger	6
uh--	6
um-	6
uptown	6
using	6
view	6
vinegar	6
vines	6
wadesboro	6
waited	6
walks	6
wedding	6
welch	6
wentz	6
whom	6
wind	6
wives	6
wonder	6
youth	6
2000	5
23	5
74	5
75	5
8	5
a--	5
accepted	5
adjust	5
aid	5
airplane	5
allow	5
allowed	5
aluminum	5
anne	5
anniversary	5
anytime	5
appreciated	5
asheville	5
avenue	5
b	5
backed	5
bank	5
bars	5
basket	5
batman	5
below	5
berryhill	5
biggest	5
biography	5
blades	5
blow	5
blown	5
boards	5
boats	5
boots	5
borel	5
brand	5
bugs	5
burns	5
burnt	5
cabarrus	5
cable	5
calm	5
campfire	5
cart	5
cartoon	5
cast	5
cent	5
chapino	5
christian	5
classified	5
cleaned	5
clearance	5
climbing	5
clue	5
coal	5
coast	5
collected	5
continuing	5
convertible	5
coop	5
crap	5
crate	5
crisis	5
cultural	5
curve	5
cutting	5
da	5
dah	5
damage	5
dated	5
decisions	5
denver	5
deputies	5
detail	5
dining	5
ditch	5
divided	5
dock	5
doubles	5
dressed	5
drunk	5
dumb	5
dust	5
eagle	5
eagles	5
earl	5
earliest	5
earthquake	5
easier	5
easily	5
eastern	5
egg	5
eggs	5
electricity	5
eleven	5
embarrassing	5
encounter	5
encourage	5
entering	5
entertainment	5
europe	5
eve	5
example	5
expect	5
expensive	5
fairy	5
farmers	5
farms	5
feed	5
fever	5
fictional	5
fields	5
final	5
fireplace	5
flame	5
flip	5
flipped	5
foggy	5
followed	5
fortunate	5
frances	5
frank	5
freshman	5
friendly	5
fuel	5
gastonia	5
gathered	5
girlfriends	5
glad	5
glenn	5
government	5
grades	5
greatest	5
hammer	5
harbor	5
harder	5
hats	5
heads	5
healthy	5
heat	5
heels	5
hidden	5
highest	5
hills	5
hip	5
hispanic	5
hitting	5
homes	5
honor	5
hooker	5
horses	5
hundreds	5
hurting	5
il	5
illustrations	5
intriguing	5
italian	5
ivy	5
january	5
jaw	5
jazz	5
journal	5
julius	5
june	5
junk	5
kathryn	5
kathy	5
keeps	5
kennedy	5
kentucky	5
key	5
kim	5
korea	5
l	5
ladies	5
landed	5
libraries	5
like-	5
lit	5
literature	5
livingston	5
lungs	5
lying	5
machine	5
magic	5
maid	5
marrying	5
marsha	5
maryann	5
matriarch	5
matthews-	5
megan	5
messed	5
miguel	5
mills	5
miserable	5
missiles	5
mix	5
mmm	5
mn	5
mood	5
murder	5
nana	5
nancy	5
nasty	5
negative	5
nights	5
ninth	5
notes	5
november	5
occasionally	5
omega	5
orders	5
original	5
ought	5
owl	5
oysters	5
pacific	5
pacifier	5
pack	5
pages	5
painted	5
parachutes	5
parties	5
patrick	5
paul	5
peace	5
peach	5
physical	5
physically	5
plan	5
plantation	5
playhouse	5
pleased	5
pocketbook	5
pretending	5
princess	5
prison	5
professor	5
promise	5
public	5
punished	5
queen	5
rabbit	5
rained	5
ranger	5
raymond	5
readers	5
realistic	5
received	5
records	5
regardless	5
relatively	5
religious	5
remained	5
remington	5
report	5
retired	5
ring	5
roanoke	5
rob	5
robbie	5
rose	5
rough	5
rural	5
russia	5
scene	5
seek	5
semester	5
serve	5
served	5
shades	5
shelle	5
ship	5
shirt	5
shocked	5
shuttle	5
siding	5
silver	5
simple	5
skirts	5
slipped	5
snuck	5
so-	5
soccer	5
split	5
spread	5
square	5
stage	5
stephanie	5
stokes	5
stove	5
struggled	5
studying	5
stump	5
talks	5
tee-pee	5
terribly	5
thursday	5
tie	5
title	5
tonight	5
tracks	5
trade	5
traditional	5
trampoline	5
transfer	5
traumatic	5
treatments	5
tries	5
ugly	5
um-hmm	5
units	5
version	5
vocabulary	5
weapons	5
wearing	5
wharf	5
wheel	5
whipping	5
wiper	5
wondered	5
yankee	5
&	4
1937	4
200	4
26	4
28	4
3	4
48	4
6	4
65	4
71	4
85	4
97	4
absolute	4
adjustment	4
admit	4
admitted	4
adventure	4
affected	4
afford	4
ages	4
albemarle	4
album	4
alcott	4
amount	4
angie	4
apple	4
appropriate	4
articles	4
asleep	4
assigned	4
attracted	4
avis	4
award	4
awkward	4
backwards	4
bags	4
baking	4
banker	4
bar	4
battery	4
becomes	4
beets	4
belonged	4
bicycles	4
birds	4
birthmark	4
bleach	4
bob	4
bolted	4
bombs	4
bond	4
borden	4
bowling	4
boyfriends	4
bp	4
brain	4
broad	4
brother-in-law	4
buddies	4
bull	4
bullet	4
bulls	4
bump	4
bungee	4
burst	4
buying	4
cab	4
cans	4
cape	4
carnegie	4
cash	4
catawba	4
caused	4
cell	4
centered	4
chair	4
challenge	4
changes	4
chapeltique	4
chew	4
choices	4
christmastime	4
christy	4
classic	4
cleveland	4
client	4
clip	4
closest	4
clutch	4
coat	4
coliseum	4
collect	4
colleges	4
colonel	4
colored	4
comfortable	4
concerned	4
conference	4
confused	4
connections	4
corners	4
cost	4
cotton	4
courses	4
covering	4
crab	4
cristobal	4
critical	4
crowded	4
cruising	4
cub	4
dairy	4
dealing	4
decent	4
deep	4
deer	4
definition	4
depending	4
described	4
determined	4
diesel	4
differently	4
don	4
double	4
drama	4
dramatic	4
driven	4
dug	4
dusty	4
easter	4
ed	4
elegant	4
elvis	4
emotional	4
engaged	4
engineer	4
entered	4
er	4
established	4
exact	4
exploring	4
factual	4
familiar	4
farmhouse	4
faster	4
fat	4
fault	4
favorites	4
fest	4
fifi	4
fights	4
film	4
filmed	4
firm	4
fisherman	4
flashlight	4
flips	4
florida	4
focus	4
forced	4
forever	4
form	4
foster	4
fraternity	4
fred	4
frisbee	4
fruit	4
fully	4
fuss	4
gallons	4
gaps	4
gasoline	4
generation	4
genie	4
gentleman	4
grabbing	4
guards	4
guide	4
hanks	4
happily	4
hardly	4
harold	4
harris	4
hates	4
haul	4
heaters	4
heavy	4
heidi	4
hers	4
hicks	4
hid	4
hilarious	4
homework	4
honest	4
hugo	4
huh-uh	4
hurry	4
hurts	4
immigrated	4
inches	4
include	4
income	4
injection	4
intensity	4
internet	4
j	4
jack	4
james	4
joined	4
journaling	4
journals	4
justin	4
kenny	4
kickball	4
ky	4
ladder	4
landing	4
lann	4
larger	4
larry	4
lauderdale	4
launched	4
league	4
leisure	4
lemmie	4
license	4
listened	4
loaf	4
lonely	4
loss	4
louisa	4
luck	4
luckily	4
makeup	4
mallard	4
map	4
maria	4
master	4
mcadenville	4
meal	4
medicine	4
memorable	4
meningitis	4
mental	4
methodist	4
michael	4
midnight	4
mike	4
minority	4
mirror	4
mixing	4
mo	4
moment	4
moments	4
mystery	4
nation	4
naturally	4
nicole	4
nope	4
notice	4
nowadays	4
nun	4
ocean	4
offensive	4
organized	4
oven	4
overseas	4
pace	4
paid	4
papers	4
parks	4
partial	4
passing	4
patch	4
patricia	4
paused	4
per	4
permission	4
personalities	4
personally	4
petric	4
pews	4
philosophy	4
phonics	4
plants	4
plate	4
player	4
plays	4
pleasure	4
po	4
position	4
post	4
practicing	4
prayer	4
presence	4
presents	4
private	4
prizes	4
psychiatrist	4
pulls	4
pussycat	4
quality	4
questioned	4
raining	4
rapunzle	4
re	4
reached	4
reads	4
realism	4
recognize	4
record	4
redneck	4
regarding	4
regular	4
relate	4
remembers	4
rented	4
ri	4
rug	4
s--	4
safety	4
sam	4
sang	4
savannah	4
scholarship	4
scouts	4
scream	4
secretary	4
section	4
security	4
sentence	4
september	4
setting	4
settlers	4
shape	4
shift	4
shoney	4
showing	4
sidewalk	4
singing	4
sir	4
skate	4
skip	4
sliding	4
soul	4
spain	4
speed	4
spell	4
spinning	4
spoiled	4
spoke	4
spots	4
squash	4
standards	4
standpoint	4
steep	4
sticker	4
sticking	4
stones	4
strict	4
studied	4
studios	4
successful	4
sugar	4
surgery	4
sweat	4
swept	4
swim	4
switched	4
t--	4
tails	4
taily-	4
taste	4
tear	4
teeth	4
tenth	4
thomas	4
throat	4
throughout	4
thud	4
thumb	4
tight	4
toe	4
tone	4
tools	4
tower	4
toy	4
trail	4
transferred	4
traveled	4
tremendous	4
tuesday	4
typical	4
uh-hum	4
value	4
various	4
vehicle	4
vietnam	4
wagon	4
warhol	4
welsh	4
wha	4
whatsoever	4
wheelchair	4
wheels	4
whew	4
wide	4
widowed	4
winnie	4
winters	4
wire	4
witch	4
woolen	4
woonsocket	4
worker	4
worry	4
yell	4
yelling	4
124	3
1898	3
1969	3
1970	3
1986	3
39	3
4080	3
485	3
72	3
78	3
81	3
84	3
9	3
95	3
96	3
accidentally	3
active	3
activities	3
adapt	3
adds	3
adopted	3
adulthood	3
afterwards	3
aids	3
al	3
alcatraz	3
alcoholic	3
alley	3
ambassadors	3
americans	3
amityville	3
analysis	3
and-	3
anderson	3
andrew	3
angels	3
apply	3
appreciation	3
ar	3
archie	3
arranged	3
arrested	3
arrowood	3
asian	3
aside	3
asimov	3
aspects	3
associated	3
assumed	3
athletic	3
atlanta	3
attached	3
attack	3
attend	3
attendant	3
attractive	3
audience	3
audra	3
available	3
awning	3
bakery	3
balls	3
band-	3
banks	3
basement	3
battles	3
bazooka	3
beautician	3
beavers	3
bedrooms	3
beef	3
belmont	3
bent	3
bhb	3
bill	3
billy	3
biographies	3
bite	3
bits	3
blanket	3
bleeding	3
blessing	3
block	3
bobby	3
boca	3
boiled	3
bonanza	3
bone	3
bonnie	3
boom	3
bothered	3
bottles	3
bottoms	3
bouncing	3
bowl	3
breathe	3
brief	3
briefly	3
british	3
bucks	3
buddy	3
bullets	3
bumper	3
bursting	3
burt	3
bushel	3
businesses	3
butcher	3
button	3
calf	3
calls	3
campuses	3
canada	3
canadian	3
cannery	3
canoe	3
caps	3
caroline	3
carpenter	3
cartons	3
carved	3
centerline	3
cereal	3
chains	3
chapel	3
charity	3
chases	3
chasing	3
chatting	3
cheerleading	3
chest	3
chevy	3
chewing	3
churches	3
circled	3
clark	3
clawed	3
clips	3
clothing	3
comfort	3
comics	3
compare	3
complain	3
complex	3
concern	3
conditioning	3
conditions	3
connected	3
connecticut	3
consciousness	3
consensus	3
considering	3
consumed	3
content	3
context	3
convince	3
cooler	3
cop	3
copy	3
coral	3
correctly	3
cot	3
cots	3
cottage	3
counseling	3
cowboy	3
creativity	3
creature	3
crime	3
cruise	3
crystal	3
cuban	3
cup	3
curious	3
current	3
currently	3
dams	3
daniel	3
dave	3
dayton	3
dealt	3
dear	3
decides	3
deeper	3
del	3
denise	3
deployed	3
desire	3
destroy	3
destroyed	3
digress	3
dilworth	3
direction	3
disappear	3
discussion	3
disgusting	3
dispatch	3
divorced	3
dollar	3
dove	3
drag	3
drawn	3
dresser	3
drinks	3
drives	3
dry	3
dwi	3
dysfunctional	3
ear	3
eaten	3
eats	3
effects	3
elbert	3
emotions	3
emperor	3
encouraged	3
ending	3
endings	3
ends	3
england	3
entertained	3
epidemic	3
era	3
erie	3
essence	3
ethnic	3
evil	3
ex	3
excitement	3
exhausted	3
expecting	3
explained	3
exposed	3
express	3
factor	3
factory	3
fallen	3
fancy	3
fantasy	3
farther	3
fashion	3
fashionable	3
faulk	3
fenced	3
ferry	3
figuring	3
file	3
financial	3
firefight	3
firewell	3
fist	3
fixing	3
flies	3
flood	3
flow	3
ford	3
foreign	3
formula	3
forties	3
four-lane	3
four-wheel	3
fourteen	3
freak	3
freeze	3
fried	3
friendship	3
frozen	3
frustrating	3
funnest	3
furry	3
fwapp	3
gage	3
gallon	3
gang	3
gatherings	3
generations	3
germans	3
gloria	3
gonna	3
gracious	3
grandfathers	3
grape	3
grass	3
gray	3
greece	3
greek	3
greensboro	3
grimm	3
gunfire	3
guns	3
habit	3
hairline	3
half-ton	3
hand-painted	3
handled	3
handwriting	3
hardware	3
headache	3
heaven	3
heck	3
hectic	3
helpful	3
hickory	3
hike	3
hmmm	3
holes	3
holiday	3
hometown	3
hoop	3
hopefully	3
horror	3
horrors	3
horseback	3
hospitality	3
hugged	3
hunt	3
husbands	3
identified	3
identify	3
ill	3
indicates	3
infantry	3
injections	3
inn	3
innocent	3
insight	3
institution	3
instruments	3
international	3
interpret	3
ireland	3
irony	3
issue	3
italy	3
ivonne	3
jeanette	3
jeffrey	3
jerk	3
jerry	3
jimmy	3
jo	3
johnson	3
joists	3
josephine	3
kettles	3
kick	3
king	3
kit	3
kits	3
knit	3
knot	3
knowledge	3
lab	3
labels	3
las	3
lasting	3
laughlin	3
laughs	3
law	3
lawn	3
layers	3
leadership	3
leak	3
leaning	3
leap	3
lend	3
letter	3
leukemia	3
lifeguard	3
light-skinned	3
lines	3
link	3
lions	3
listed	3
literacy	3
load	3
lobby	3
lobster	3
lotus	3
louie	3
louis	3
loves	3
lunchtime	3
lung	3
mackton	3
magazine	3
mainly	3
maintain	3
maintained	3
mall	3
mallet	3
manor	3
maple	3
marching	3
marion	3
marymount	3
mashing	3
materials	3
math	3
mathematics	3
md	3
meantime	3
mecklenburg	3
mentally	3
merry-go-round	3
mexico	3
minister	3
miracle	3
missing	3
mission	3
mississippi	3
mistakes	3
mm	3
mohawk	3
moon	3
moral	3
mud	3
mutual	3
nah	3
nailing	3
narrative	3
natural	3
nearly	3
necessary	3
neck	3
necklace	3
nell	3
nephew	3
nephews	3
nerd	3
nerve	3
newspapers	3
nieces	3
noise	3
noises	3
norman	3
numb	3
nut	3
occasion	3
occult	3
occupation	3
occurred	3
october	3
odd	3
official	3
opening	3
opposite	3
orleans	3
ours	3
outlet	3
outstanding	3
owen	3
owners	3
oyster	3
p	3
painful	3
painting	3
palms	3
panic	3
panther	3
paralyzed	3
partner	3
path	3
pavilion	3
paw	3
pe	3
peaceful	3
peak	3
pedro	3
periodically	3
permanent	3
petrified	3
pets	3
phil	3
phones	3
picnic	3
pies	3
pig	3
piggish	3
pipe	3
planned	3
plugged	3
polish	3
pools	3
population	3
pork	3
positions	3
possessions	3
pot	3
potato	3
potential	3
pots	3
potted	3
pounds	3
powerful	3
prayers	3
precious	3
presbyterian	3
price	3
prices	3
primarily	3
primary	3
primer	3
print	3
process	3
produce	3
professional	3
projections	3
projects	3
prom	3
protection	3
published	3
purchased	3
purdue	3
pure	3
purpose	3
pursue	3
puzzles	3
quarantined	3
queens	3
quinn	3
races	3
racial	3
raped	3
rate	3
rationing	3
raton	3
rayona	3
re-tell	3
recipe	3
recital	3
recollection	3
reconnaissance	3
referendums	3
reflect	3
regained	3
regional	3
register	3
rejection	3
relating	3
relationships	3
remembering	3
reminds	3
renting	3
reread	3
rereading	3
research	3
respected	3
responsible	3
retire	3
returned	3
ribbon	3
richard	3
rig	3
ringing	3
rio	3
riverside	3
roots	3
rotated	3
rub	3
rubbed	3
rudolph	3
rugged	3
rugs	3
rules	3
rush	3
russian	3
sacks	3
salmon	3
salt	3
sanger	3
santo	3
sara	3
saretha	3
sausage	3
saving	3
say--	3
scar	3
schedule	3
scholars	3
screw	3
seafood	3
seals	3
seams	3
seats	3
secondary	3
sector	3
self	3
sensitive	3
services	3
serving	3
sessions	3
sets	3
settle	3
severe	3
sh	3
shade	3
shaking	3
shall	3
shelby	3
shells	3
shelter	3
ships	3
shore	3
shorts	3
shrimp	3
sight	3
silence	3
silva	3
sink	3
situated	3
skates	3
skating	3
skipped	3
sky	3
skyline	3
sleeve	3
sleigh	3
slept	3
smacked	3
smashed	3
smith	3
snack	3
snakes	3
snipe	3
snowdrifts	3
sobbing	3
society	3
softball	3
soldier	3
someplace	3
sounded	3
southerners	3
soy	3
spanish	3
speaks	3
speech	3
spelling	3
squeezed	3
stack	3
staff	3
staircase	3
stamps	3
statement	3
stations	3
status	3
stevens	3
stickers	3
stomach	3
stone	3
storybooks	3
strategic	3
stressed	3
string	3
strip	3
stroke	3
studies	3
sub	3
suburb	3
suburban	3
suburbs	3
suckers	3
summers	3
sundays	3
suntan	3
supervision	3
surprise	3
surrounded	3
surrounding	3
surroundings	3
survived	3
swift	3
switch	3
syllables	3
systems	3
tap	3
tapes	3
tarrytown	3
teasing	3
technical	3
teenage	3
teenaged	3
temple	3
temporary	3
tendency	3
testing	3
tests	3
thankful	3
thin	3
throne	3
tim	3
tip	3
tn	3
tongue	3
tops	3
tough	3
toys	3
traditions	3
trains	3
trap	3
treating	3
trilogy	3
tst	3
tune	3
two-story	3
tyvola	3
uh-	3
umar	3
uncc	3
unconditional	3
unhappy	3
unions	3
unique	3
upbringing	3
upchuck	3
v	3
vacuum	3
vampires	3
varied	3
vegas	3
vegetables	3
village	3
violent	3
visited	3
volume	3
w	3
was--	3
watkins	3
wave	3
waves	3
weak	3
weave	3
weekends	3
weighed	3
weight	3
well--	3
well-known	3
western	3
wheeler	3
whoa	3
wiggly	3
william	3
wilmington	3
wiring	3
wisconsin	3
wise	3
witnessed	3
wolf	3
wood	3
wooden	3
workers	3
wounded	3
wrapped	3
writes	3
wwi	3
ya	3
yanceyville	3
yards	3
yelled	3
yours	3
0	2
110	2
1785	2
1884	2
1900	2
1901	2
1926	2
1951	2
1962	2
1963	2
1968	2
1990	2
1991	2
1998	2
1999	2
2002	2
2003	2
27	2
300	2
31	2
43	2
46	2
47	2
49	2
52	2
55	2
600	2
69	2
73	2
77	2
86	2
92	2
94	2
about--	2
absence	2
absorbed	2
accept	2
accuse	2
accused	2
acquainted	2
acre	2
adam	2
adamant	2
adams	2
adding	2
adjusted	2
advantage	2
affect	2
african	2
aftershocks	2
ageless	2
agenda	2
agitated	2
agree	2
agreed	2
albany	2
alcohol	2
allison	2
alma	2
altitudes	2
amanda	2
amputated	2
andrews	2
androv	2
anecdotes	2
animated	2
aniya	2
annette	2
annex	2
anonymously	2
anson	2
apartments	2
appealing	2
applies	2
approaching	2
approximately	2
apron	2
arabic	2
are--	2
arrive	2
artistic	2
ashes	2
asks	2
ass	2
assembled	2
assets	2
assignments	2
athletes	2
atomic	2
attach	2
attacked	2
attic	2
attorney	2
autistic	2
automatic	2
automatically	2
automobiles	2
average	2
aw	2
aware	2
awfully	2
babies	2
backing	2
backs	2
backstreet	2
badge	2
badly	2
baggage	2
bail	2
bake	2
bald	2
bald-headed	2
ballerina	2
ballet	2
baltimore	2
banging	2
banisters	2
banquet	2
barbara	2
barbie-head	2
barely	2
barking	2
bastards	2
bathing	2
bathrooms	2
battle	2
bazookas	2
bb	2
bears	2
beating	2
because--	2
beetle	2
behavior	2
belgium	2
believes	2
belle	2
belly	2
beneficial	2
beret	2
berry	2
betty	2
bidder	2
billboard	2
binding	2
bitty	2
blackbird	2
blacks	2
blade	2
blankenships	2
blend	2
blessed	2
blew	2
blind	2
blinds	2
blond	2
bonfire	2
booking	2
bookshelves	2
bootlegger	2
bootlegging	2
boss	2
bounced	2
bow	2
boxed	2
brakes	2
brat	2
breaking	2
breast	2
breeze	2
brighter	2
brilliant	2
bubba	2
buddhist	2
buffalo	2
buffy	2
bugging	2
builder	2
bumper-to-bumper	2
bungees	2
bunnies	2
bushes	2
business--	2
busted	2
bustle	2
but-	2
cake	2
california	2
callgrove	2
calmed	2
camped	2
campground	2
capacity	2
captain	2
cared	2
cares	2
carolinas	2
carowinds	2
carpet	2
catered	2
cattaraugus	2
cattle	2
caucasian	2
cave	2
cavern	2
cb	2
cd	2
century--	2
chameleon	2
channels	2
chant	2
chapters	2
charges	2
charleston	2
charlie	2
chattanooga	2
cheap	2
cheating	2
checking	2
cheek	2
cheese	2
cheesy	2
cheezem	2
chemo	2
chief	2
chimney	2
chinese	2
chip	2
choir	2
chooses	2
chop	2
chores	2
chosen	2
chris	2
chronic	2
cigarette	2
cindy	2
classical	2
classics	2
classify	2
claudia	2
claws	2
cleaning	2
clears	2
clenched	2
clicking	2
cliffs	2
clinic	2
clock	2
clop	2
close-knit	2
closeness	2
clothes--	2
clouds	2
co-workers	2
coalition	2
coaster	2
coats	2
coin	2
coke	2
collarbone	2
collectively	2
coloring	2
column	2
coma	2
combs	2
comedy	2
comforting	2
comic	2
comical	2
comments	2
committee	2
communities	2
competitive	2
complete	2
complexes	2
complicated	2
complications	2
compliments	2
computers	2
conceived	2
concubines	2
condoms	2
cone	2
confidence	2
conflict	2
confronted	2
confusing	2
congenital	2
connery	2
connie	2
consists	2
contacting	2
contacts	2
continuous	2
convoys	2
cooked	2
cookies	2
cookout	2
coolest	2
cooped	2
corben	2
correct	2
cottontail	2
counted	2
couples	2
courage	2
courts	2
cowboys	2
crabs	2
cracks	2
crashed	2
create	2
creates	2
credit	2
crookedest	2
crossed	2
crossing	2
crunch	2
cry	2
curb	2
curse	2
customer	2
dacusville	2
danger	2
darker	2
darlene	2
darling	2
darn	2
dates	2
david	2
dealership	2
dealerships	2
deals	2
dearest	2
dearly	2
deck	2
decline	2
decompression	2
decorate	2
defend	2
defense	2
definite	2
denied	2
dented	2
depend	2
depended	2
descriptions	2
deserve	2
determines	2
deviant	2
diane	2
diapers	2
didad	2
didn	2
diego	2
dies	2
digest	2
directions	2
disappeared	2
disciple	2
discovered	2
discuss	2
discussed	2
dislike	2
displays	2
dived	2
dividing	2
dj	2
doctorate	2
doctors	2
dodge	2
dollaring	2
domestic	2
domino	2
doorbell	2
dorothy	2
dot	2
doubt	2
downstairs	2
draft	2
dread	2
dresses	2
dribble	2
drills	2
drip	2
dripping	2
drug	2
drugs	2
ducks	2
due	2
duke	2
e-mails	2
ears	2
echoes	2
economy	2
educated	2
educational	2
eeyore	2
effective	2
eh	2
el	2
elaborate	2
elbow	2
elements	2
elephant	2
elevator	2
elissa	2
elma	2
embassy	2
embrace	2
emotion	2
emphasize	2
emrich	2
encouraging	2
enderly	2
energy	2
engineering	2
enjoyment	2
enlisted	2
entrance	2
equivalent	2
errands	2
error	2
escaped	2
eternity	2
etta	2
evans	2
excellence	2
exhaust	2
exist	2
explode	2
expressed	2
expressing	2
extension	2
extent	2
eyebrow	2
eyelids	2
f	2
fables	2
fabulous	2
facilities	2
facing	2
fail	2
fairytales	2
family-owned	2
fantasy-type	2
farming	2
fascinated	2
fashioned	2
fastest	2
fav	2
fears	2
fed	2
feedback	2
fellow	2
fellowship	2
fences	2
fiddle	2
fifty-	2
fighter	2
filed	2
fills	2
finding	2
finds	2
firefights	2
fireworks	2
firing	2
flag	2
flashing	2
flirtatious	2
flirting	2
floating	2
floors	2
flour	2
fog	2
fondest	2
fonzie	2
for-	2
forbid	2
fore	2
forest	2
former	2
forty-five	2
forwards	2
fox	2
foyer	2
frame	2
fran	2
francis	2
freaking	2
friendlier	2
fucking	2
furious	2
furnace	2
gain	2
gangstar	2
garb	2
garbage	2
gardening	2
gardens	2
gate	2
gather	2
gathering	2
gauze	2
gay	2
gazed	2
gear	2
gentlemen	2
ghosts	2
gifted	2
glee	2
glenda	2
glow	2
goal	2
goals	2
goes--	2
golf	2
gorgeous	2
governments	2
graduating	2
grammar	2
gran	2
grandfather--	2
graphic	2
gravity	2
great-grandchildren	2
great-grandparents	2
greeting	2
gregarious	2
gregory	2
gretel	2
grits	2
gromikov	2
gross	2
guerrilla	2
guest	2
guideposts	2
gully	2
gum	2
gunpoint	2
h	2
habits	2
handed	2
handful	2
handlebar	2
handles	2
hansel	2
happier	2
hardest	2
hardly--	2
hardy	2
hare	2
harm	2
harmon	2
hawaii	2
hawk	2
headquarters	2
hears	2
hebard	2
heel	2
helmet	2
helper	2
helps	2
hesitation	2
highways	2
hind	2
hindrance	2
hippies	2
hits	2
hobgood	2
hockey	2
hodskins	2
hog	2
holidays	2
holmes	2
homeroom	2
honestly	2
honeymoon	2
hooky	2
hops	2
hopscotch	2
horizontal	2
hormones	2
hose	2
hospitals	2
hosting	2
hotdogs	2
howell	2
hugh	2
human	2
humm	2
humorous	2
hungry	2
hunted	2
hyde	2
hysterical	2
id	2
identifying	2
illness	2
illustrator	2
imaginative	2
imagined	2
immediate	2
immigrant	2
impaired	2
imparted	2
impressionable	2
impressionists	2
impressive	2
improve	2
in-law	2
in-laws	2
incorrect	2
increase	2
indiana	2
industrious	2
inherit	2
inherited	2
initially	2
innocence	2
insisted	2
inspector	2
inspiration	2
inspire	2
instance	2
instill	2
instructions	2
instrumental	2
integrated	2
intentional	2
interacted	2
interaction	2
interpretation	2
interrupted	2
interruption	2
interviewed	2
interviews	2
intrigue	2
intrigues	2
introduced	2
introduction	2
invented	2
invention	2
inventory	2
involve	2
ironing	2
irresistible	2
is--	2
isle	2
issues	2
it--	2
jacket	2
jalapeno	2
jane	2
japanese-	2
jasmine	2
jeans	2
jees	2
jehilehi	2
jenkins	2
jessica	2
jewelry	2
jews	2
jill	2
jive	2
joker	2
jokes	2
joking	2
joseph	2
joys	2
judy	2
julie	2
juniors	2
k-	2
kavalo	2
kerosene	2
kettle	2
kicking	2
kidded	2
killing	2
kinda	2
kiss	2
kitty	2
kkk	2
klan	2
korean	2
kristi	2
ks	2
kt	2
laceyville	2
lack	2
ladybug	2
lakes	2
lana	2
lately	2
lawyer	2
lax	2
layer	2
lazy	2
lead	2
leaders	2
leading	2
leaned	2
legislature	2
lenient	2
levels	2
lid	2
liking	2
limited	2
linen	2
lining	2
livingstone	2
lizzy	2
lloyd	2
lo	2
lobbing	2
locations	2
lock	2
log	2
lois	2
loses	2
louisiana	2
lovely	2
lowell	2
lowrance	2
lucille	2
lugs	2
lunchbox	2
lunches	2
lure	2
ma	2
machines	2
madison	2
madly	2
magazines	2
magician	2
mailboxes	2
maintaining	2
majors	2
maker	2
makita	2
malaria	2
managers	2
marinate	2
marks	2
masch	2
mashed	2
massive	2
matters	2
matthew	2
mature	2
maurer	2
mayor	2
mccloskey	2
mcgovern	2
mean--	2
measure	2
measured	2
melissa	2
mellon	2
melt	2
mentioning	2
mh	2
mickey	2
mid	2
midst	2
midwestern	2
milked	2
milkshakes	2
milne	2
minds	2
minimum	2
mischievous	2
mistaken	2
mixture	2
models	2
mongoose	2
moonshine	2
morals	2
more--	2
moss	2
motel	2
mothers	2
mound	2
mouse	2
mouths	2
mower	2
muddy	2
multiplying	2
murdered	2
museum	2
musical	2
muslim	2
myles	2
nailed	2
nap	2
nate	2
national	2
nationally	2
nations	2
naughty	2
nazi	2
nearby	2
nearer	2
neurotic	2
neutral	2
nicer	2
nightmare	2
nighttime	2
nineteen	2
nonetheless	2
northridge	2
not--	2
novel	2
nursery	2
nuts	2
nv	2
occasional	2
occasions	2
of--	2
offered	2
officers	2
offspring	2
okay	2
okey-dokey	2
oldsmobile	2
one-point	2
ontario	2
oops	2
operating	2
opposites	2
or-	2
oral	2
orchestra	2
orr	2
outbound	2
outdoors	2
outrun	2
outsider	2
overall	2
overlooked	2
overnight	2
overwhelmed	2
owner	2
owns	2
oz	2
pac	2
packed	2
pale	2
pallet	2
palmetto	2
panama	2
panicked	2
pans	2
papa	2
paperbacks	2
parachute	2
paralysis	2
partially	2
participated	2
partying	2
passenger	2
pasta	2
patented	2
patient	2
patrolman	2
paved	2
pavement	2
pedals	2
peeled	2
pennington	2
pennsylvania	2
pentagon	2
perceived	2
peter	2
petro	2
pew	2
phases	2
philadelphia	2
physiological	2
piled	2
pill	2
pimpernel	2
pin	2
pink	2
pinpoint	2
pirate	2
pissed	2
pitch	2
pitcher	2
pittsburgh	2
plain	2
plans	2
plant	2
plates	2
play-act	2
players	2
playtime	2
pleaser	2
pleasing	2
pliers	2
plight	2
plow	2
plowed	2
poconos	2
pointing	2
poison	2
polk	2
pondered	2
popcorn	2
popped	2
popping	2
possibly	2
pounding	2
pour	2
poured	2
powder	2
powdered	2
powel	2
practices	2
praise	2
praying	2
predominately	2
prefer	2
prejudice	2
presently	2
preservers	2
priest	2
prince	2
printmaking	2
prisoner	2
privately	2
proceeds	2
productive	2
progress	2
promoting	2
proposed	2
prose	2
prosperity	2
protect	2
protective	2
pry	2
publication	2
pud	2
pueblo	2
pump	2
punch	2
puppy	2
purchase	2
purchasing	2
pursued	2
pushing	2
quote-unquote	2
raced	2
radiation	2
radiator	2
rafters	2
rafts	2
raise	2
ram	2
rambunctious	2
rang	2
rap	2
rapping	2
rations	2
rattlesnake	2
raven	2
ray	2
readings	2
really--	2
realm	2
reared	2
recognized	2
recollections	2
reconciled	2
recorder	2
recover	2
recovered	2
recruit	2
red-faced	2
redo	2
redwoods	2
reeked	2
refer	2
reflects	2
refrigerator	2
regard	2
regards	2
regret	2
regrets	2
regulators	2
rehire	2
reign	2
relations	2
relegated	2
religion	2
remarried	2
reminisce	2
repair	2
repeat	2
replace	2
replacing	2
reported	2
reports	2
representative	2
resents	2
resident	2
respond	2
response	2
responsibility	2
restroom	2
result	2
resumed	2
retell	2
retrospect	2
rhode	2
ridgecrest	2
rinds	2
rinks	2
ripped	2
roan	2
robert	2
rockwell	2
roger	2
romans	2
roommate	2
root	2
roses	2
rounded	2
rubber	2
rubbing	2
rudolpho	2
ruined	2
rule	2
ruth	2
rv	2
rye	2
sa	2
sailed	2
sailor	2
salem	2
sales	2
salesman	2
satisfies	2
sayings	2
scandalous	2
scariest	2
scarlet	2
scattered	2
schaumburg	2
scheduled	2
schoolteacher	2
schoolwork	2
scientific	2
scrabble	2
screened-in	2
scrub	2
sea	2
seacrest	2
see--	2
self-selected	2
selling	2
sending	2
sends	2
seniors	2
serial	2
settings	2
seventeen	2
seventy-five	2
sever	2
sewed	2
sex	2
shadow	2
shady	2
shake	2
shallow	2
shaped	2
sharon	2
shasta	2
shattered	2
she--	2
sheep	2
shelters	2
shelves	2
sherlock	2
shingles	2
shining	2
shocking	2
shoe	2
shook	2
shops	2
shoulder	2
shrink	2
shuffletown	2
shut-up	2
shz	2
sibling	2
sights	2
signed	2
significance	2
singles	2
sinus	2
sits	2
sixties	2
sixty	2
sized	2
skills	2
skis	2
slapped	2
sled	2
slippery	2
slower	2
smack	2
smooth	2
snap	2
snow--	2
snowing	2
soaking	2
socialize	2
sock	2
socks	2
solely	2
soles	2
someday	2
songbird	2
sophomore	2
sore	2
sorts	2
source	2
southwest	2
soviet	2
spanking	2
spark	2
speakers	2
spears	2
specifics	2
spectrum	2
sped	2
speeding	2
spill	2
spiral	2
spirit	2
spitting	2
springs	2
squad	2
squadron	2
sr	2
ss	2
stainless	2
standard	2
staring	2
starving	2
staten	2
stationed	2
steel	2
steele	2
stepfather	2
stepmom	2
steven	2
stitch	2
stonicker	2
stops	2
storms	2
stormy	2
storyline	2
straddle	2
stranger	2
strangers	2
strap	2
straw	2
stream	2
streams	2
strength	2
stress	2
stressing	2
striving	2
strongly	2
studs	2
stuffing	2
sub-basement	2
sucked	2
suffer	2
sufficient	2
suggest	2
sunburn	2
sunny	2
supervisor	2
supper	2
surged	2
survival	2
survive	2
swan	2
swear	2
sweaters	2
sweats	2
sweetheart	2
swinging	2
swings	2
swollen	2
ta	2
tables	2
tactics	2
tale	2
talent	2
taller	2
tampa	2
tan	2
tank	2
tanya	2
tar	2
tara	2
task	2
tasted	2
tattered	2
teaches	2
tears	2
tee	2
teeter	2
teja	2
telephones	2
tends	2
tennessee	2
tense	2
terrace	2
territory	2
testament	2
textile	2
that--	2
the-	2
theirs	2
therapy	2
thereafter	2
thing--	2
thinner	2
thirties	2
thoroughly	2
thousands	2
three-year-old	2
thrill	2
throws	2
tickets	2
tickles	2
tile	2
tiring	2
titled	2
to-	2
toilet	2
tokyo	2
told--	2
tolerance	2
toll	2
tonsils	2
tootles	2
tootsie	2
tossed	2
totals	2
touching	2
towel	2
towels	2
towns	2
townsend	2
tracy	2
transition	2
transportation	2
trapped	2
trash	2
treatment	2
trek	2
tremors	2
trevez	2
tri-	2
trials	2
tricks	2
trim	2
trincheras	2
trolley	2
troops	2
tuberculosis	2
tuition	2
tummy	2
tumor	2
twelve	2
twenties	2
twenty-seven	2
two-two	2
typically	2
tyrant	2
uh-um	2
ultimate	2
ultimately	2
unbelievable	2
unc-charlotte	2
unheard	2
unionize	2
unlocked	2
unofficial	2
untie	2
unto	2
uphill	2
uprooted	2
ups	2
urban	2
usual	2
valley	2
valuable	2
valued	2
variety	2
vat	2
vatican	2
ve	2
vega	2
vehicles	2
vice	2
vicksburg	2
victoria	2
videotape	2
vieja	2
vine	2
violence	2
visits	2
vivran	2
vote	2
voted	2
vw	2
wa	2
wadded	2
waitresses	2
waits	2
walk-in	2
wandered	2
ward	2
warehouse	2
warmer	2
warning	2
washed	2
wasted	2
watchman	2
waved	2
waving	2
we-ntz	2
webelos	2
weekdays	2
weekly	2
weigh	2
wes	2
wesleyan	2
whatnot	2
wholesome	2
willis	2
wilmont	2
winston-	2
wired	2
wires	2
wisdom	2
wished	2
witchcraft	2
wizard	2
wondering	2
wood-	2
worn	2
worrying	2
wrap	2
wreck	2
wrecked	2
wrench	2
yogurt	2
yolk	2
yonder	2
youngstown	2
zachary	2
zaniness	2
%	1
1000	1
101	1
102	1
120	1
145	1
150	1
158	1
1600	1
180	1
1828	1
1830	1
1831	1
1862	1
1863	1
188	1
1880	1
1885	1
1889	1
1904	1
1910	1
1920	1
1936	1
1938	1
1941	1
1949	1
1959	1
1960	1
1976	1
1978	1
1979	1
1980	1
1982	1
1984	1
1985	1
1993	1
1995	1
226	1
320	1
321	1
36	1
38	1
42	1
4260	1
475	1
500	1
5000	1
56	1
58	1
59	1
601	1
64	1
68	1
800	1
88	1
89	1
922	1
93	1
@	1
abednego	1
abhorred	1
absolutely--	1
absorb	1
abused	1
academic	1
academically	1
academy	1
accelerator	1
accents	1
acceptance	1
accepting	1
accompanying	1
accord	1
account	1
accounting	1
accurate	1
ace	1
aching	1
acknowledged	1
acne	1
acquiesced	1
acquired	1
acronym	1
action	1
actions	1
activate	1
acts	1
acute	1
adapting	1
addict	1
addiction	1
addition	1
adirondacks	1
adjusting	1
adjusts	1
adlai	1
admirable	1
admire	1
ado	1
adolescence	1
adopt	1
adored	1
advancement	1
advances	1
adventurer	1
adventurous	1
advertisements	1
advertising	1
advised	1
aep	1
af	1
afc	1
affairs	1
affc	1
affection	1
affectionately	1
affiliated	1
afro-	1
aftermath	1
afternoons	1
afterward	1
ag	1
ag--	1
agee	1
agency	1
agh	1
aim	1
airbase	1
aired	1
airplanes	1
aisle	1
aladdin	1
alamo	1
alarms	1
albert	1
alberta	1
albums	1
albuquerque	1
alexis	1
alice	1
alike	1
aliteracy	1
all-	1
all-consuming	1
all-star	1
allen	1
allies	1
allowances	1
alls	1
alpaca	1
alphabet	1
alps	1
alright	1
altos	1
alvin	1
alzheimer	1
am--	1
amazed	1
ambassador	1
ambition	1
amenities	1
amos	1
amour	1
amused	1
amusement	1
amusing	1
amy	1
analytical	1
analyze	1
ancestors	1
ancestral	1
and--this	1
and-a-half	1
andersonville	1
andrea	1
angel	1
angeles	1
angelina	1
angelo	1
angelou	1
anger	1
angle	1
angus	1
animorphs	1
anita	1
ankle	1
ankles	1
annexed	1
annoying	1
annual	1
anonymous	1
answering	1
antennas	1
anti-religious	1
antichrist	1
anticipated	1
anticipating	1
antithesis	1
antonio	1
anvil	1
anxiety	1
anyway--	1
apiece	1
apostle	1
appeal	1
appearance	1
appearing	1
appetite	1
applegate	1
apples	1
applicable	1
applied	1
applying	1
appoint	1
appreciates	1
approaches	1
approval	1
approved	1
arbor	1
arboretum	1
arc	1
arcade	1
arches	1
archrival	1
archrivals	1
argue	1
arguing	1
argument	1
arise	1
armoires	1
arnold	1
arollos	1
around--	1
arranging	1
arrives	1
arthritis	1
article	1
articulate	1
artifact	1
ascended	1
ashbrook	1
ashen	1
ashley	1
ashtray	1
asphalt	1
aspiring	1
assembling	1
assembly	1
assesses	1
assimilate	1
assimilated	1
assistance	1
assistants	1
assistantship	1
association	1
associations	1
assume	1
assure	1
astounded	1
astronauts	1
astronomy	1
ateltisate	1
atheist	1
athlete	1
atkins	1
atlantic	1
atlas	1
atm	1
atmosphere	1
atrium	1
attachments	1
attacks	1
attempted	1
attempts	1
attending	1
attitudes	1
attraction	1
attractions	1
attributes	1
auction	1
audition	1
auditorium	1
audrey	1
austrian	1
authority	1
authorized	1
averetts	1
averitt	1
avid	1
avoided	1
awake	1
awarded	1
awe	1
ax	1
axle	1
axles	1
ayn	1
azul	1
b-	1
ba-	1
babysitter	1
backup	1
bahamas	1
bailiff	1
baked	1
balanced	1
balcony	1
baldwin	1
bale	1
bambi	1
bandages	1
bandit-	1
bank--	1
banking	1
bap	1
baptism	1
baptist	1
baptists	1
barb	1
barbecue	1
barbecuing	1
barber	1
bare	1
barefoot	1
barefooted	1
barrels	1
barsley	1
bas	1
baseballs	1
baskin-	1
bathed	1
battalions	1
battered	1
battleships	1
bay	1
bayside	1
bc	1
beaches	1
beads	1
beam	1
beard	1
beards	1
beared	1
bearings	1
beasts	1
beatings	1
beats	1
beatties	1
beautifully	1
because-	1
bedcovers	1
bedroom--	1
bee	1
beelines	1
beep	1
beers	1
bees	1
beet	1
beetles	1
beforehand	1
begun	1
behaving	1
behaviors	1
beige--	1
being--	1
beings	1
believing	1
belk	1
belts	1
beltway	1
bench	1
benchmark	1
bending	1
bends	1
beneath	1
benefit	1
benefits	1
benford	1
benihana	1
benning	1
berenstain	1
berries	1
best-seller	1
betrayed	1
better--	1
beverly	1
bhb-	1
bhd	1
bibs	1
biddies	1
bigot	1
biking	1
bile	1
billboards	1
billiards	1
billing	1
bills	1
biltmore	1
binchy	1
biographical	1
birmingham	1
birthdays	1
biscuits	1
bit--	1
bitches	1
bitten	1
bitter	1
bitterness	1
bizarre	1
black--	1
blackberries	1
blackmail	1
blackness	1
blackout	1
blackwelder	1
blanchard	1
blank	1
blankets	1
bleachers	1
bless	1
blindfold	1
blistering	1
blizzard	1
blockaded	1
blocked	1
blond-haired	1
bloody	1
blooming	1
bloomingdale	1
bloop	1
blouses	1
blowing	1
blunts	1
boards--	1
boardwalk	1
boardwalks	1
bodies	1
boiling	1
boisterous	1
bolted--	1
bonded	1
bonding	1
book--	1
booked	1
bookkeeper	1
booklet	1
bookshelf	1
bookstore	1
boon	1
boone	1
boot	1
bootleg	1
border	1
bored	1
boring	1
born--	1
borough	1
borrowed	1
borrowing	1
bothers	1
boulder	1
bounce	1
bound	1
boundaries	1
boundary	1
bout	1
bowie	1
boxcar	1
boys-	1
bracelet	1
brad	1
bradenton	1
brady	1
braid	1
brainstorm	1
braise	1
branch	1
brandon	1
brass	1
bratty	1
brave	1
breads	1
breakthrough	1
breath	1
briarwood	1
bribed	1
bridge--	1
bridges	1
brights	1
bringing	1
brit	1
britney	1
brittney	1
bro	1
broadening	1
broadway	1
brokenness	1
bronx	1
browntown	1
bruce	1
bruise	1
brush	1
brushing	1
bs	1
bubble	1
buck	1
bucket	1
buckets	1
bucking	1
buckled	1
buckles	1
bucky	1
budget	1
buffet	1
bug	1
builds	1
bujane	1
bulldozed	1
bulldozer	1
bullshit	1
bumping	1
bundled	1
bunker	1
burden	1
burlap	1
bury	1
bush	1
busiest	1
businessmen	1
businesswomen	1
buster	1
busting	1
buttoned	1
buttons	1
butts	1
by-line	1
bystander	1
cabbage	1
cabin	1
cabins	1
caboose	1
caf	1
cafeteria	1
caged	1
cakes	1
caliber	1
calloway	1
calman	1
calming	1
cam	1
camels	1
cameras	1
camero	1
campaign	1
can-do	1
canadians	1
cancel	1
candace	1
candidate	1
cane	1
canopy	1
canvas	1
canyon	1
cap	1
capable	1
capital	1
capstans	1
capsule	1
captains	1
captive	1
car--	1
caramel	1
card	1
cardigan	1
cards	1
carey	1
carla	1
carmen	1
carnival	1
caro	1
carolinians	1
carpentry	1
carport	1
carriage	1
carrie	1
carries	1
carrot	1
carrots	1
carson	1
cartsokalis	1
carver	1
cases	1
cashier	1
cassatt	1
castile	1
castle	1
casual	1
casually	1
casualty	1
caswell	1
catcher	1
catches	1
catching	1
category	1
catequist	1
catharsis	1
catherine	1
catherines	1
cats	1
catty	1
causing	1
cautiously	1
caverns	1
ceases	1
celebrate	1
cellophane	1
cemented	1
centering	1
centers	1
centuries	1
century-type	1
cer	1
cercos	1
ceremony	1
chaela	1
chairman	1
chalet	1
challenged	1
challenges	1
challenging	1
chamber	1
champion	1
championship	1
channel	1
channeling	1
chanting	1
chaotic	1
chap	1
charisma	1
charlotte-	1
charlottean	1
charlotteans	1
charm	1
charming	1
charms	1
chased	1
cheaper	1
cheaply	1
cheer	1
cheering	1
cheerleaders	1
cheerwine	1
cheery	1
chepe	1
chepon	1
cherish	1
cherryville	1
chewed	1
chi	1
child-like	1
childhoods	1
children--	1
chill	1
chilled	1
chin--	1
china--	1
chinatown	1
chips	1
choking	1
chomping-at-the-bit	1
chops	1
choral	1
chorusing	1
chow	1
chowder	1
chrissy	1
christened	1
christianity	1
christine	1
christmases	1
christopher	1
chubby	1
chuck	1
churn	1
cinderella-type	1
circles	1
circumstance	1
circumstances	1
citizen	1
city-town	1
civic	1
claim	1
clam	1
clams	1
clapboard	1
clara	1
clarify	1
clarity	1
clasp	1
classifying	1
classrooms	1
classy	1
clatter	1
claudine	1
claus	1
clay	1
clayton	1
clean-cut	1
cleaner	1
cleanest	1
clear-cut	1
clem	1
clergy	1
clever	1
cleverly	1
clicked	1
clicks	1
clients	1
clifford	1
climax	1
climbable	1
clinking	1
clipping	1
clippings	1
clockwork	1
closely	1
closes	1
closing	1
clot	1
clothesline	1
clothespin	1
cloudy	1
clubhouses	1
clues	1
cluttered	1
co-	1
coach	1
coal-fired	1
coastal	1
coasted	1
coating	1
cock	1
cocktail	1
coconut	1
cocoon	1
code	1
coincidence	1
coincidentally	1
colder	1
collar	1
collard	1
collards	1
collecting	1
collects	1
colleen	1
collini	1
colombia	1
columbia	1
columns	1
combined	1
comment	1
commercial	1
commercialized	1
committed	1
commotion	1
communications	1
communion	1
companies	1
companion	1
company--	1
comparing	1
compassionate	1
compete	1
competed	1
competencies	1
competent	1
compiling	1
complained	1
complaining	1
complements	1
completed	1
complexion	1
component	1
composure	1
compound	1
compounds	1
comprehend	1
comprehension	1
computerized	1
concerning	1
concerns	1
concert	1
concession	1
conclusion	1
concoction	1
condo	1
condolence	1
confederate	1
conferences	1
confessed	1
confirm	1
confirmed	1
confront	1
congeals	1
conglomerates	1
conniving	1
connors	1
conquer	1
conquered	1
conquistadors	1
cons	1
conscious	1
consequences	1
conservative	1
considerably	1
consistency	1
consistent	1
consistently	1
constipated	1
constructed	1
consummate	1
contagious	1
contained	1
contest	1
continent	1
continues	1
contracted	1
contrary	1
contributes	1
controlled	1
controversial	1
convalescing	1
convenient	1
conversations	1
converse	1
conversion	1
converted	1
convicted	1
cooker	1
cooled	1
cooling	1
cooperate	1
coordinating	1
coppin	1
copyright	1
copyrighted	1
cordelia	1
cork	1
corley	1
cornbread	1
cornwell	1
corny	1
corral	1
correctness	1
correlated	1
corresponded	1
corrupt	1
cottonville	1
couches	1
coughing	1
counselor	1
counting	1
countries	1
counts	1
courageous	1
courted	1
courteous	1
courting	1
covenant	1
coverings	1
covers	1
coy	1
cracked	1
cracking	1
crackling	1
crackly	1
crags	1
crasher	1
crashing	1
crave	1
craw	1
crawled	1
crawling	1
creating	1
credits	1
creepy	1
cremated	1
crest	1
crew	1
crippled	1
criteria	1
criticize	1
criticized	1
crook-necked	1
crop	1
cross-legged	1
crown	1
crucial	1
cruel	1
crush	1
crushed	1
cryptic	1
crystals	1
cubes	1
cued	1
cuffs	1
culbreth	1
cultivate	1
cultivating	1
culturally	1
cumberland	1
cumbersome	1
cups	1
cure-all	1
cured	1
curfew	1
curiously	1
curriculum	1
cursing	1
cursive	1
curvy	1
cuss	1
cussing	1
customs	1
cutlass	1
cutty	1
cylinder	1
cymbals	1
cyprus	1
czecho	1
czechoslovakia	1
d--	1
da-	1
da-da-da	1
da-da-da-da	1
da-da-da-da-da	1
dadadadada	1
daddies	1
dads	1
daily	1
dale	1
dalmatians	1
damage--	1
damaged	1
damages	1
dame	1
damper	1
damsel	1
danagar	1
danced	1
dancer	1
dangling	1
daredevil	1
darkened	1
darnell	1
data	1
dawn	1
dawned	1
day-to-day	1
daybreak	1
daycare	1
daylight	1
dc	1
de	1
dead-end	1
deadly	1
dealings	1
deathly	1
debra	1
debt	1
decades	1
decal	1
decals	1
deceased	1
deciding	1
declassification	1
declining	1
decorations	1
dedicated	1
dee	1
deepest	1
deferred	1
defiance	1
deity	1
delicacy	1
delicious	1
delighted	1
delivered	1
delta	1
delucia	1
delusions	1
delve	1
demand	1
demanding	1
demo	1
demons	1
demonstrate	1
demonstrated	1
den	1
denial	1
dens	1
dentist	1
dentures	1
deny	1
departed	1
depiction	1
depicts	1
depressed	1
depressing	1
depressive	1
deprived	1
derogatory	1
descending	1
descent	1
description	1
desert	1
deserved	1
design	1
designated	1
designer	1
desperate	1
desperately	1
dessert	1
destiny	1
destitute	1
destroying	1
destruction	1
detachments	1
detailed	1
deter	1
deteriorated	1
determine	1
detonates	1
detrimental	1
detroit	1
devastated	1
devise	1
devour	1
devout	1
di	1
dia	1
dialect	1
diaper	1
dick	1
did--	1
diet	1
differs	1
dig	1
digital	1
digitize	1
digits	1
dignity	1
dingy	1
dino	1
dip	1
dipping	1
direction--	1
director	1
disagree	1
disappointment	1
disaster	1
discipleship	1
disciplinary	1
disciplined	1
discolored	1
discontent	1
discovering	1
discreet	1
discussing	1
discussions	1
diseases	1
disinherited	1
disinter	1
disinterest	1
dislodged	1
dispatcher	1
dispatchers	1
dispensable	1
disposable	1
disposal	1
dispute	1
disregard	1
disregarded	1
disrespecting	1
disrupted	1
dissatisfied	1
distance---	1
distinction	1
distinctive	1
distress	1
disturbing	1
ditches	1
dive	1
diverse	1
diversified	1
diversionary	1
diversities	1
division	1
docks	1
does--	1
doing--	1
dollars--	1
dollhouse	1
dolphin	1
dominant	1
dominoes	1
done--	1
donna	1
doorway	1
dorian	1
dostoevsky	1
dottie	1
double-tied	1
doubted	1
douglas	1
doves	1
downhill	1
downloading	1
downtown--	1
dozen	1
dozens	1
drafted	1
draftees	1
drafty	1
dragging	1
dragons	1
drain	1
drainage	1
drank	1
drastic	1
drawback	1
drawer	1
dre	1
dreary	1
dressing	1
dried	1
drifted	1
drill	1
drilled	1
driller	1
drive-in	1
dropping	1
drops	1
drown	1
drowning	1
drum	1
drunks	1
dryer	1
duffind	1
duffinds	1
dull	1
dumbest	1
dumbfounded	1
dump	1
dumping	1
dungeons	1
dunked	1
durham	1
duty	1
dwarfs	1
dwayne	1
dweeb	1
dwells	1
dy	1
dyed	1
dysentery	1
e-mailed	1
ea	1
eager	1
earlier--	1
early--	1
earn	1
earned	1
easley	1
eastbound	1
eastman	1
easy-going	1
eccentric	1
eclectic	1
economic	1
economics	1
eddy	1
eden	1
edges	1
edinburgh	1
edith	1
eeeww	1
efficiency	1
efficient	1
efficiently	1
effort	1
egyptian	1
eight-year-old	1
eight-years	1
eighteen	1
eighth-grade	1
eileen	1
elderly	1
eleanor	1
elective	1
electrician	1
eleven-year-old	1
elijah	1
elizabeth--	1
elm	1
elsewhere	1
elude	1
email	1
embellish	1
embellishment	1
embracing	1
emperors	1
empress--	1
empty	1
emulate	1
en	1
enabled	1
encountered	1
encounters	1
encyclopedias	1
encyclopedias--	1
endure	1
enemy	1
enfamil	1
engage	1
engineers	1
engines	1
englishmen	1
enjoy--	1
enjoyable	1
enmeshed	1
ensembles	1
ensure	1
enter	1
entertain	1
enthusiasm	1
enthusiastic	1
entirely	1
entity	1
entry	1
enunciated	1
envisioned	1
episcopalian	1
episode	1
episodes	1
equalizes	1
equilibrium	1
equipped	1
equity	1
escalator	1
escaping	1
escort	1
esoteric	1
essays	1
essential	1
establish	1
esteem	1
estimate	1
estimation	1
etc	1
etchings	1
ethnicity	1
european--	1
europeans	1
ev	1
evacuate	1
evacuation	1
evenings	1
evens	1
eventually-	1
ever-	1
everett	1
everybod	1
everytime	1
evidence	1
evoked	1
evolved	1
ex-	1
examines	1
examining	1
example--	1
examples	1
exams	1
excel	1
excellent	1
excepted	1
exclusive	1
exclusively	1
executive	1
executives	1
exercise	1
exercised	1
exercises	1
exhausts	1
exhibit	1
existence	1
existent	1
exists	1
exit	1
exp	1
expand	1
expanded	1
expanding	1
expectation	1
expectations	1
expenses	1
exper	1
experiencing	1
expert	1
explanation	1
exploded	1
exploits	1
exploration	1
explore	1
explorers	1
expose	1
expression	1
extended	1
extending	1
extensive	1
extraordinaire	1
extreme	1
eyeball	1
fab	1
fable	1
facilitate	1
factions	1
failed	1
fails	1
faint	1
fair	1
fairview	1
faith	1
faithfully	1
falls	1
false	1
fam	1
family--	1
fanatic	1
fancied	1
fannie	1
fans	1
farmed	1
farmland	1
farrow	1
farthest	1
fascinates	1
fascination	1
fast--she	1
fatal	1
fatback	1
fate	1
fathers	1
fatigue	1
fats	1
favor	1
fayette	1
faze	1
feeding	1
feeds	1
females	1
fencing	1
fend	1
fender	1
fertile	1
feudal	1
feudalism	1
fewer	1
fibber	1
fictionalized	1
fif	1
fifteenth	1
fifties	1
fifty	1
figures	1
files	1
fillers	1
filling	1
filming	1
films	1
filter	1
filthy	1
financed	1
fireballs	1
firecracker	1
firemen	1
fires	1
firmly	1
first--	1
fished	1
fists	1
fitting	1
five-	1
five-hour	1
five-word	1
five-year-old	1
fixture	1
fizzled	1
flannel	1
flapping	1
flash	1
flashes	1
flashlights	1
flats	1
flavorful	1
flaws	1
fleet	1
flex	1
flights	1
flipping	1
flock	1
flono	1
floods	1
flora	1
florid	1
floundering	1
flown	1
flows	1
fluent	1
fluff	1
fluffy	1
fluid	1
flushable	1
flute	1
focused	1
focusing	1
foe	1
folk	1
follower	1
follows	1
folly	1
fondly	1
foo-foo	1
foods	1
fool-proof	1
footprints	1
footsteps	1
for--	1
forerunner	1
forgiven	1
forlorn	1
forlorned	1
formal	1
formation	1
formulation	1
forsaken	1
forty	1
found--	1
foundations	1
founded	1
fountains	1
four-poster	1
fourteenth	1
fractured	1
fragment	1
fragments	1
franchised	1
franco	1
frankenstein	1
franklin	1
frantic	1
freaked	1
freakiest	1
fredericksburg	1
fredimecusson	1
freely	1
freeway	1
freezing	1
fremont	1
freshmen	1
friends--	1
frigging	1
from--	1
frontier	1
frost	1
frowned	1
froze	1
frugal	1
frustration	1
fry	1
fuck	1
fulfilling	1
full-blooded	1
full-grown	1
functional	1
functioning	1
fundamental	1
funerals	1
funk	1
funnier	1
funniest	1
fur	1
furman	1
furnishings	1
furthermore	1
fussing	1
futuristic	1
g-u-e-l-p-h	1
gabby	1
gables	1
gabriel	1
gail	1
gal	1
galen	1
gamut	1
gangplank	1
gangrene	1
gangster	1
gaps--	1
garages	1
garbed	1
gardener	1
garlic	1
gast--	1
gatsby-land	1
gauges	1
gazing	1
gd	1
gee	1
gelatin	1
genealogy	1
generator	1
generic	1
generically	1
gently	1
genuinely--	1
geo	1
geographically	1
georgetown	1
georgia	1
georgian	1
gerber	1
german-	1
ght	1
gi	1
giddy	1
giggle	1
giggled	1
giggling	1
gilmanton	1
gis	1
gladys	1
glamorous	1
glance	1
glanced	1
glasses	1
glider	1
gliders	1
gloss	1
go-round	1
gobbled	1
god--	1
god-awful	1
goddamn	1
gods	1
goedeke	1
golding	1
goldish-yellow	1
goners	1
goodnight	1
goodroe	1
gopher	1
gospel	1
got--	1
gra	1
grace	1
graces	1
gracie	1
grades--	1
graduation	1
grain	1
grandchild	1
granddad	1
granddaughter	1
grandkids	1
grandparent	1
grandpas	1
grandson	1
grandsons	1
grants	1
gras	1
grateful	1
gravel	1
gray-headed	1
grease	1
greasy	1
great-grandchild	1
greater	1
greenery	1
greet	1
grilling	1
grills	1
grim	1
grisham	1
grocer	1
grotto	1
grounded	1
groundhog	1
grouped	1
grove	1
growing-up	1
growled	1
grown-ups	1
grownups	1
grows	1
gruff	1
grunge	1
grungy	1
guadalcanal	1
guam	1
guarantee	1
gubbins	1
gue	1
guerillas	1
guess-	1
guessing	1
guilty	1
guitars	1
gutted	1
h-	1
haberdasheries	1
had--	1
hah	1
hairy	1
half-conscious	1
hallelujah	1
halloween	1
halls	1
hallway	1
ham	1
hamlet	1
hampshire	1
hancherkefs	1
hand--	1
hand-carved	1
hand-held	1
hand-helds	1
hand-in-glove	1
hand-paint	1
hand-woven	1
handicap	1
handlebars	1
handouts	1
handsome	1
handwritten	1
hangers	1
hankses	1
hannah	1
happenings	1
happiness	1
happy-go-lucky	1
harboring	1
hardee	1
harley	1
harmonica	1
harmonics	1
harris-	1
harry	1
harsher	1
harvey	1
hatfield	1
hatred	1
hauled	1
hauls	1
have-	1
have--	1
haven	1
hayes	1
hazy	1
hc	1
headdresses	1
headless	1
headlights	1
headline	1
headstrong	1
healing	1
hearer	1
hearts	1
heated	1
heathen	1
heavily	1
heavyweight	1
heebie-jeebies	1
heilig-	1
helicopters	1
hen	1
hens	1
hepburn	1
her--	1
herbal	1
heroes	1
heroic	1
heroics	1
heron	1
hesitate	1
hesitating	1
heyerdahl	1
hick	1
hides	1
hiding	1
highchair	1
highlight	1
hiking	1
hillerman	1
hillside	1
hilltop	1
hindsight	1
hinduism	1
hip-hop	1
hippie	1
hired	1
hiroshima--	1
histories	1
hitch	1
hither	1
hmph	1
hobbies	1
hodges	1
holders	1
holding--	1
holed	1
holes-	1
holier	1
holler	1
hollering	1
hollywood	1
holocaust	1
holocausts	1
holsters	1
homeland	1
homeless	1
homemade	1
homer	1
homesick	1
homing	1
honda	1
honduras	1
honeybee	1
honeymooners	1
honk	1
honky-tonk	1
honoring	1
hooks	1
hopes	1
hopped	1
hopping	1
hornet	1
horrified	1
horrifying	1
host	1
hostage	1
hostess	1
hostility	1
hotdog	1
hotels	1
household	1
housekeepers	1
housing	1
howard	1
howled	1
hubert	1
huffed	1
huffing	1
hula	1
humans	1
humming	1
humongous	1
humph	1
hunger	1
hunter	1
hunter--	1
hurnard	1
hurri	1
hurston	1
hustle	1
hut	1
hype	1
i-	1
ice-skating	1
ida	1
identical	1
ides	1
idiotic	1
ignorance	1
ignoring	1
ijiote	1
illiterate	1
illustrated	1
illustrative	1
imaginary	1
immigrants	1
immortal	1
immortals	1
immune	1
impacted	1
impactful	1
impacting	1
impaled	1
implanted	1
implements	1
importance	1
imposters	1
imprint	1
improvisation	1
improvise	1
improvised	1
in-depth	1
inbound	1
incarcerated	1
incensing	1
incident	1
inclusive	1
inconvenient	1
incorporate	1
indeed	1
index	1
indian-	1
indianapolis	1
indifferent	1
individualistic	1
individually	1
indoor	1
indulge	1
industry-	1
inebriated	1
infamy	1
infantile	1
infection	1
inferiority	1
inflate	1
influential	1
inform	1
informative	1
informed	1
informing	1
infrequently	1
ingle	1
ingredient	1
ingredients	1
inheritance	1
inhuman	1
initial	1
initiating	1
injured	1
injuries	1
inmate	1
inmates	1
innermost	1
insecure	1
insights	1
inspired	1
inspires	1
inspiring	1
installation	1
installed	1
instilled	1
instincts	1
instructors	1
insults	1
intake	1
integral	1
intellectual	1
intelligence	1
intelligent	1
intend	1
intended	1
intense	1
intentionally	1
intentions	1
interacting	1
interactive	1
interacts	1
intercom	1
interests	1
interfered	1
interfering	1
interior	1
internships	1
interpreted	1
interracial	1
interruptions	1
intersect	1
interstate	1
intimate	1
intoxicated	1
intricate	1
intrigued	1
introduce	1
intruder	1
intrusive	1
invader	1
invading	1
inventive	1
invitation	1
inviting	1
involvement	1
involving	1
io	1
iota	1
iranian	1
irate	1
ironic	1
ironically	1
isaac	1
ish	1
isinglass	1
isles	1
issuing	1
it-	1
itty-bitty	1
ivanhoe	1
ja	1
jack-of-all-trades	1
jackets	1
jackson	1
jacksonville	1
jailed	1
jamie	1
jap	1
jars	1
jason	1
jaws	1
jay-	1
jean	1
jefferson	1
jelly	1
jeopardize	1
jeremy	1
jerks	1
jess	1
jet-black	1
jetted	1
jew	1
jg	1
jidu	1
jig	1
jinx	1
jittery	1
jm	1
jocelyn	1
jock	1
jog	1
johnny	1
join	1
jointly	1
joist	1
jones	1
jordie	1
jose	1
josey	1
jot	1
journalist	1
journalistic	1
journey	1
journeys	1
joyful	1
joyner	1
juan	1
judaism	1
juggler	1
jugs	1
juicy	1
juilliard	1
juke	1
julia	1
jumps	1
juncture	1
jurisdiction	1
just-	1
justified	1
justify	1
justine	1
jutted	1
k	1
kadina	1
kaiser	1
kate	1
kathryn--	1
katie	1
kay	1
kaye	1
keenes	1
kelly	1
kerrington	1
keys	1
kfc	1
khrushchev	1
kicked	1
kiddies	1
kidnap	1
killebrew	1
kindness	1
kinetic	1
kings	1
kipling	1
kissing	1
kitten	1
knee	1
knick-knacks	1
knight	1
knives	1
knowingly	1
knowles	1
kon-	1
koreans	1
labor	1
lacquer	1
lag	1
lagoon	1
lahaye	1
lamar	1
landmarks	1
lane	1
languages	1
lansing	1
lap	1
laps	1
largest	1
laryngitis	1
lasted	1
lastly	1
laundromat	1
laura	1
lawns	1
lay-up	1
laziest	1
leads	1
leaf	1
lean	1
leaping	1
learners	1
leather	1
lebanese	1
lecture	1
led	1
lee	1
legacy	1
legend	1
legends	1
leisurely	1
length	1
leveled	1
lewisburg	1
lexington	1
liabilities	1
liberating	1
library-type	1
licorice	1
lidington	1
lied	1
lieutenant	1
life-changing	1
lifestyle	1
lifetime	1
lift	1
light-headed	1
lighted	1
lighting	1
limb	1
limbo	1
limbs	1
limp	1
lined	1
linked	1
linville	1
lip	1
lips	1
liquid	1
liquids	1
liquor	1
livery	1
livid	1
ll--	1
lling	1
loaded	1
loading	1
located	1
locker	1
lockheed	1
locomotive	1
lodging	1
logic	1
logical	1
logistically	1
logs	1
lollipops	1
lombard	1
lone	1
longview	1
looking--	1
loopholes	1
lordy	1
lore	1
lorraine--	1
los	1
losing	1
lotion	1
lots--	1
lou	1
lou--	1
louder	1
lounge	1
lovingly	1
low-paying	1
lower	1
lowest	1
lsu	1
lube	1
luge	1
lump	1
lurching	1
ly	1
lymphoma	1
lynched	1
lyrics	1
m-e-m-a-w	1
mac	1
machinegun	1
mae	1
maeve	1
magnitude	1
magpies	1
maiden	1
mail--	1
mailed	1
maintenance	1
majored	1
majority	1
make-up	1
makers	1
malicious	1
malls	1
mamas	1
mammal	1
manage	1
management	1
managing	1
mandates	1
manhassett	1
manic	1
manifest	1
manila	1
manned	1
manner	1
mannered	1
manners	1
mans	1
manser	1
mansion	1
manual	1
manufactured	1
manufacturer	1
mar	1
marched	1
mardi	1
margarets	1
mariah	1
marie	1
marker	1
marketing	1
marriages	1
marriages--	1
mart	1
martin	1
martini	1
marvel	1
masculine	1
mask	1
mason	1
massachusetts	1
masters	1
matching	1
mate	1
mates	1
matt	1
matured	1
maurice	1
maya	1
mayo	1
mccoy	1
mcdonald	1
mcgee	1
me-	1
meager	1
mealtime	1
meandering	1
meanest	1
meaningful	1
meanwhile	1
measles	1
mechanisms	1
meck	1
med	1
medals	1
media	1
medic	1
medication	1
medieval	1
meg	1
megaton	1
mellow	1
melted	1
memorial	1
memorize	1
memorized	1
men--	1
mentality	1
mentioned-	1
mercurochrome	1
mercy	1
meredith	1
merry-	1
meshach	1
metamorphic	1
meteor	1
meter	1
metro	1
metropolitan	1
meyers	1
mi	1
michelangelo	1
microscope	1
mid-seventies	1
migrate	1
mil	1
mileage	1
milieu	1
milk--	1
milking	1
miller	1
millie	1
millionaires	1
mime	1
miners	1
mingling	1
miniature	1
ministering	1
minor	1
miscarriage	1
miscarried	1
mischief	1
misfit	1
misguided	1
misses	1
mistress	1
mistresses	1
misty	1
misunderstanding	1
miter	1
mittens	1
moaning	1
modeled	1
modernness	1
modification	1
molly	1
momentum	1
moms	1
mon	1
monet	1
monkeys	1
monog-	1
monogrammed	1
monsoon	1
moody	1
morgan	1
morgy	1
morris	1
morrow	1
mortgage	1
mortified	1
moses	1
mossier	1
motherfuckers	1
motherhood	1
motioned	1
motivated	1
motor	1
motorboat	1
motorcycles	1
mounds	1
mourn	1
movement	1
movers	1
mow	1
mowing	1
multi-colored	1
multi-cultural	1
multicultural	1
multiple	1
mum	1
mumbled	1
mummy	1
mundane	1
murdering	1
murders	1
murphy	1
muscle	1
museum--	1
mush	1
mushed	1
musician	1
musty	1
mutt-dog	1
mv	1
my--	1
myers	1
myf	1
myriad	1
mystical	1
mysticism	1
mythology	1
n	1
n-y-y	1
na	1
naked	1
name--	1
napkins	1
napping	1
nasa	1
nasal	1
navy	1
navy-	1
nd	1
ndmom	1
neale	1
nearest	1
nearing	1
needle	1
neighborhoods	1
nesbitt	1
nest	1
net	1
networking	1
neurologist	1
newburg	1
newell	1
nh	1
nice-size	1
nicely	1
nickname	1
nifty	1
nightmares	1
nikita	1
niles	1
ninety-four	1
nm	1
no-	1
no--	1
nodded	1
noisy	1
nomenclature	1
non-academic	1
non-fictions	1
non-filtered	1
non-pasteurized	1
non-paying	1
non-sequitur	1
nonconformists	1
nonexistent	1
nor	1
norfolk	1
northeast	1
northeastern	1
northern	1
northerner	1
northwest	1
norwood	1
nosy	1
note	1
nothings	1
notified	1
notre	1
nouveau	1
nova	1
novelists	1
now--	1
numerous	1
nuns	1
nwa	1
nyy	1
oak	1
oak--	1
oakland	1
oats	1
obedient	1
obvious	1
occultic	1
occur	1
occurs	1
oceanfront	1
octave	1
oddly	1
of-	1
off-duty	1
offend	1
offending	1
offer	1
officially	1
oftentimes	1
oh-so-cute	1
ok--	1
okinawa	1
old-	1
old-fashioned	1
olds	1
olive	1
one-man	1
one-on-one	1
one-point-nine	1
onions	1
open-minded	1
operate	1
operated	1
operations	1
operator	1
opinion	1
opportune	1
option	1
ordered	1
ordering	1
ordinary	1
organizers	1
organizing	1
oriented	1
orphanage	1
orphanages	1
orrorrrrr	1
orwell	1
ostracized	1
other--	1
otherwise	1
ouch	1
ounce	1
out--	1
out-of-doors	1
outbreak	1
outdoor	1
outfit	1
outrageous	1
outright	1
outsiders	1
outskirts	1
outwardly	1
oval	1
over-stated	1
overcome	1
overdose	1
overlooking	1
overlooks	1
overstatement	1
owe	1
paced	1
packages	1
packing	1
pact	1
paddle	1
painless	1
paintings	1
paints	1
pairs	1
pamela	1
pancakes	1
panning	1
panties	1
pants	1
paperback	1
paperbox	1
paperwork	1
pappagalo	1
par	1
parachutes--everything	1
parade	1
paraded	1
parallel	1
paranoid	1
paraphernalia	1
pardon	1
paris	1
part-	1
part-time	1
parted	1
participate	1
participation	1
partnering	1
partners	1
passage	1
passages	1
passes	1
pastels	1
pastor	1
pastures	1
pathetic	1
pathologist	1
paths	1
patterned	1
patterns	1
pave	1
paws	1
pbs	1
pea-green	1
peaked	1
peaks	1
pearls	1
peas	1
pecan	1
peculiar	1
pedestal	1
pee	1
peel	1
peeping	1
peer	1
peered	1
pelican	1
penalize	1
pencil	1
penelope	1
penitentiary	1
penn	1
pennies	1
penny	1
pennzoil	1
people-wise	1
pep	1
peppers	1
perceive	1
percentage	1
percentile	1
perch	1
perched	1
perfection	1
perked	1
permit	1
peroxide	1
perpetuated	1
perreti	1
persecuted	1
personalizing	1
personnel	1
persons	1
peruse	1
petitioned	1
petrechek	1
peyton	1
pg	1
phantom	1
pharmaceutical	1
phase	1
phd	1
phenomenal	1
phew	1
philanderer	1
philippines	1
phillips	1
philosopher	1
photo	1
photographic	1
photography	1
photos	1
phrase	1
phrases	1
physics	1
pick-up	1
pickens	1
picks	1
pictionary	1
piedmont	1
piedras	1
piers	1
pigskin	1
pilcher	1
pile	1
pillow	1
pillows	1
pinch	1
pine	1
pitifully	1
pizzas	1
placed	1
placing	1
plandome	1
planet	1
plank	1
planks	1
planning	1
planted	1
plaster	1
platform	1
platoon	1
platters	1
playhouses	1
playmate	1
playroom	1
plaza	1
pleasant	1
pleasure--	1
pleasures	1
plots	1
plowing	1
pluck	1
plucked	1
plumber	1
plumbing	1
plump	1
pneumonia	1
pocketbooks	1
poetry--	1
point-five	1
point-nine	1
poisoning	1
poke	1
pokey	1
polar	1
poles	1
policeman	1
politically	1
politics	1
polkton	1
pollyanna	1
polynesians	1
pontchartrain	1
poo-poo	1
poodle	1
pooped	1
poor--	1
poorest	1
pop-out	1
popularity	1
populations	1
porch--	1
porches	1
port	1
port-o-john	1
portion	1
portrait	1
portrayed	1
posada	1
poso	1
possessed	1
possession	1
possessive	1
possibilities	1
possibility	1
pothead	1
potter	1
pound	1
pouring	1
pours	1
powdery	1
practically	1
practiced	1
prawns	1
pray	1
prayed	1
pre-	1
pre-school	1
preacher	1
preachy	1
predating	1
predominant	1
preface	1
preferred	1
pregnancy	1
prejudices	1
prejudicial-type	1
premier	1
preparation	1
prepare	1
preparedness	1
presented	1
presenting	1
preserve	1
preserved	1
presley	1
press	1
pressed	1
pressing	1
pressurized	1
presumed	1
prettiest	1
pretty--	1
prevail	1
prevalent	1
prevatte	1
previously	1
priests	1
primed	1
princesses	1
principals	1
prissy	1
pristine	1
privacy	1
privilege	1
privy	1
prix	1
prob	1
probably--	1
probation	1
problematic	1
procedure	1
proceed	1
processed	1
processes	1
procession	1
processors	1
proctor	1
produced	1
producer	1
producers	1
product	1
production	1
productions	1
profanity	1
professionalism	1
professionally	1
professionals	1
professorship	1
profuse	1
prognosis	1
programs	1
progressed	1
projected	1
prolific	1
promote	1
prompt	1
promptly	1
pronounced	1
proofread	1
proper	1
prophets	1
prophylactics	1
proportions	1
proposal	1
proposals	1
propped	1
pros	1
protected	1
protecting	1
proved	1
provide	1
providing	1
province	1
prozac	1
prying	1
psy	1
psychologically	1
psychologist	1
puberty	1
publish	1
publishing	1
puddled	1
puffed	1
pull-down	1
pulley	1
pumped	1
pumping	1
punishment	1
purchases	1
purdie	1
purely	1
purposely	1
purposes	1
pursuing	1
pursuit	1
puts	1
puzzle	1
puzzled	1
quaint	1
qualities	1
quarreling	1
quasi	1
questioning	1
quicker	1
quickly--	1
quilt	1
quotation	1
quotes	1
r	1
ra	1
race--	1
rachel	1
racket	1
racy	1
radebaugh	1
radiance	1
rafter	1
ragonese	1
rail	1
rails	1
rainbow	1
rains	1
rainy	1
raisin	1
rake	1
raking	1
ralph	1
ramble	1
rammed	1
rampage	1
rand	1
range	1
rangers	1
rapids	1
raping	1
rapper-writer	1
rappers	1
raptured	1
rare	1
rashid	1
rasselbossum	1
rat	1
ration	1
rationale	1
ratting	1
ratty	1
razz	1
rc	1
re--	1
re-opened	1
re-reading	1
rea	1
reaction	1
reactions	1
reactor	1
read--	1
real-life	1
realist	1
realizes	1
reamuses	1
rear	1
reasonable	1
reassure	1
reassuring	1
rebate	1
rebel	1
rebelled	1
rebelling	1
rebels	1
rebuilt	1
recalled	1
recalling	1
receipt	1
receptive	1
recess	1
reckon	1
reclusive	1
recognition	1
recollect	1
recommend	1
recorded	1
recount	1
recruiting	1
recruits	1
rectangular	1
recur	1
recurring	1
recycled	1
recycling	1
red-	1
reda	1
redeem	1
redford	1
reduplicate	1
reengineer	1
reference	1
referendum	1
referred	1
referring	1
reflected	1
reflection	1
refreshment	1
refrigerators	1
refs	1
refuge	1
regain	1
regiment	1
region	1
registered	1
rego	1
regretted	1
reid	1
reinventing	1
reiterate	1
rejected	1
rejecting	1
relate-	1
relates	1
relative	1
relax	1
relaxation	1
relaxing	1
release	1
released	1
relevant	1
reliable	1
relief	1
religions	1
relive	1
relived	1
reliving	1
rely	1
remaining	1
remains	1
remakes	1
rembrandt	1
remem--	1
remembrance	1
remembrances	1
remind	1
reminded	1
reminder	1
reminiscing	1
remodel	1
remodeled	1
remodeling	1
remote	1
removed	1
renaissance	1
renee	1
renoir	1
repaid	1
repaint	1
repairman	1
repay	1
repent	1
replaced	1
replacements	1
replied	1
reporter	1
reporting	1
representation	1
repressed	1
reprimanded	1
reputation	1
request	1
require	1
rescuer	1
resented	1
reservation	1
reserved	1
reserves	1
resided	1
residency	1
residential	1
resides	1
resolution	1
resonated	1
respective	1
responses	1
restaurants	1
retail	1
retarded	1
retiring	1
returning	1
reused	1
reverts	1
review	1
revised	1
revoked	1
revolution	1
revolutionary	1
rh	1
rhetorically	1
rhonda	1
rhymes	1
ribbons	1
ribs	1
riche	1
richest	1
richmond	1
richmond--	1
richter	1
rick	1
ridge	1
ridiculous	1
rif	1
rigged	1
rigger	1
rigging	1
rindner	1
ringleader	1
rings	1
rinse	1
rinsed	1
rise	1
risking	1
rita	1
ritchie	1
ritual	1
rituals	1
rivalry	1
road--and	1
roadrunner	1
roaming	1
roast	1
robbed	1
robbing	1
robbins	1
robes	1
robinson	1
rocketry	1
rockies	1
rodent	1
rodeo	1
rods	1
rogers	1
role	1
roller-	1
roller-skate	1
rollers	1
rolling	1
roman	1
romance	1
ron	1
rope	1
rorrrroruh	1
rosamunde	1
roseanne	1
rosebush	1
rosemary	1
rosewood	1
rosy	1
rotates	1
rotating	1
rougher	1
roughly	1
rounds	1
routes	1
row	1
roy	1
rr	1
rude	1
ruin	1
ruled	1
runoff	1
runway	1
rushed	1
russell	1
rusty	1
s-	1
sack	1
sackett	1
sacred	1
saddle	1
saddles	1
sadness	1
sagebrush	1
sago	1
sai	1
sailing	1
sal	1
salinger	1
salk	1
salomon	1
salon	1
salvador	1
sambo	1
sandbagged	1
sandcastles	1
sanddollar	1
sanding	1
sank	1
saratoga	1
saratogas	1
sarcasm	1
sardis	1
satan	1
satellite	1
satisfied	1
saul	1
sausages	1
savings	1
sawing	1
saying--	1
scabs	1
scaffolding	1
scale	1
scales	1
scares	1
scaring	1
scarpetta	1
scenery	1
scenic	1
sch	1
scheduling	1
schizophrenic	1
schmick	1
scholar	1
scholarships	1
school--	1
schoolcraft	1
schoolcrafts	1
scissors	1
scooped	1
scorecard	1
scout	1
scrambler	1
scrape	1
scraps	1
scratch	1
scratching	1
screams	1
screen	1
screened	1
screens	1
screwed	1
scripts	1
scriptures	1
scrounge	1
scruffy	1
scuffed	1
sculpted	1
sculptures	1
scuppernong	1
scythes	1
seamless	1
search	1
searching	1
seconds	1
secretaries	1
secrets	1
secure	1
seeking	1
seems--	1
segregation	1
seinfeld	1
selected	1
self-awareness	1
self-improvement	1
self-written	1
seller	1
sells	1
selves	1
sem	1
semi	1
semi-circle	1
semi-factual	1
sendak	1
senile	1
sensitivity	1
separates	1
sequatchie	1
sequel	1
sequence	1
sequential	1
serializations	1
serials	1
seriously	1
serviced	1
seventies	1
severance	1
sexual	1
sexuality	1
sf	1
shaara	1
shadiness	1
shadows	1
shadrach	1
shakers	1
shakespeare	1
shamblin	1
shame	1
shannon	1
shanty	1
shapes	1
sharp	1
shaved	1
shawl	1
she-	1
sheer	1
shehave	1
shell	1
sheltered	1
sherry	1
shh	1
shielded	1
shine	1
shipwrecks	1
shooter	1
shopped	1
shortened	1
shortest	1
shorthand	1
shotgun	1
shots	1
shoulders	1
shoved	1
shovel	1
show--	1
shown	1
shrapnel	1
shredded	1
shrever	1
shrugged	1
shutter	1
shutters	1
shy	1
shzzzz	1
side--	1
sideways	1
sigh	1
sight-reading--	1
signal	1
simplified	1
simply	1
singapore	1
singers	1
sings	1
sinkhole	1
sinking	1
sirens	1
sites	1
sitter	1
situ	1
six-foot	1
sixteen	1
sixteen-floor	1
sixteen-year-old	1
sixty-seven	1
skater	1
sketch	1
skied	1
skiers	1
skillet	1
skinned	1
skinners	1
skinny	1
skipping	1
skips	1
skirt	1
slack	1
slam	1
slamming	1
slanted	1
slap	1
slapping	1
slash	1
slave	1
slavery	1
slaves	1
slavich	1
slaw	1
slayer	1
sledding	1
sleeper	1
sleepy	1
sleet	1
slides	1
slight	1
slightly	1
slips	1
slivers	1
slowed	1
slowing	1
slows	1
slugger	1
slurp	1
smacks	1
smallest	1
smallpox	1
smelling	1
smells	1
smiles	1
smiling	1
smithfield	1
smits	1
smitten	1
smitton	1
smog	1
smoggy	1
smoker	1
smothered	1
smudge	1
smudging	1
smug	1
snapped	1
snapping	1
snarled	1
sneaked	1
sneaky	1
sniffles	1
snipes	1
snipped	1
snobby	1
snowboard	1
snowed	1
snowstorms	1
snowy	1
snuff	1
snuggled	1
snyder	1
so-called	1
so-to-speak	1
soap	1
socially	1
socially--	1
soft	1
soil	1
sole	1
solid	1
solidified	1
solitaire	1
solitude	1
solo	1
solomon	1
solution	1
somber	1
somebo	1
something-	1
sometimes--	1
someway	1
son-	1
song	1
sooner	1
sordid	1
sorority	1
sought	1
souls	1
sour	1
southerland	1
soybean	1
spades	1
spanked	1
spanned	1
sparked	1
sparklers	1
sparkling	1
sparks	1
sparky	1
specialist	1
specify	1
speckmans	1
spectacle	1
speeches	1
speechless	1
speeds	1
spices	1
spider	1
spinach	1
spine	1
spiritually	1
spit	1
spite	1
spiteful	1
spittoons	1
spoil	1
spokes	1
spooked	1
spooky	1
sporadically	1
sportsmanship	1
spotlight	1
spotted	1
spouses	1
spreadsheet	1
spreadsheets	1
springhill	1
spy	1
spying	1
squads	1
squeaking	1
squirming	1
squirt	1
sssh	1
stabbed	1
stable	1
stables	1
stackhouse	1
stacy	1
stadium	1
stages	1
staircases	1
stairsc	1
stairway	1
stalling	1
stanley	1
staple	1
stare	1
startles	1
statements	1
stateside	1
statues	1
stays	1
steady	1
steak	1
steakhouse	1
steaks	1
stealing	1
steam	1
steamy	1
steering	1
steinbeck	1
stepbrother	1
stepping	1
stepsisters	1
stereotypes	1
stereotypical	1
stern	1
stevenson	1
stew	1
stewards	1
stillborn	1
stilts	1
stimulation	1
stingy	1
stink	1
stinky	1
stipend	1
stir	1
stirring	1
stitches	1
stobo	1
stock	1
stocking	1
stockings	1
stole	1
stolen	1
stomping	1
store-front	1
storefronts	1
stories--	1
stormed	1
storms--	1
story--	1
story--and	1
storybook	1
storytellers	1
straddled	1
straighten	1
straightening	1
straighter	1
strains	1
strand	1
strapped	1
stratified	1
stressful	1
stretch	1
stretched	1
strewn	1
strife	1
strikes	1
striking	1
strings	1
strokes	1
stronger	1
stroudsburg	1
structured	1
structures	1
struggle	1
struggles	1
strung	1
strutted	1
stubborn	1
stucco	1
studies--	1
stuff--	1
stumps	1
stung	1
stunk	1
stunned	1
stunningly	1
stupidest	1
stupidity	1
sturdy	1
styles	1
stylish	1
subdue	1
subjects	1
submarines	1
subsequently	1
subtracting	1
succeeded	1
success	1
such--	1
suck	1
sucking	1
sucks	1
suffered	1
suicidal	1
suisse	1
suitcase	1
suited	1
sum	1
sunburned	1
sundrop	1
sunglasses	1
sunk	1
sunscreen	1
sunshine	1
superhero	1
superheroes	1
superior	1
superman	1
supplies	1
supported	1
supportive	1
surely	1
surging	1
surprisingly	1
surrounds	1
survives	1
survivor	1
susan	1
suspect	1
suspects	1
suspenseful	1
suspicious	1
susquehanna	1
swapping	1
swaps	1
sway	1
swaying	1
swayze	1
swears	1
sweater--	1
sweating	1
sweaty	1
sweetest	1
sweetness	1
swell	1
swelled	1
swelling	1
swells	1
swerved	1
swift-	1
swiss	1
switches	1
swords	1
swore	1
symbol	1
sympathize	1
sympathy	1
symptoms	1
synopsis	1
syrup	1
system--	1
tab	1
tablecloth	1
taboo	1
tabs	1
tackle	1
talented	1
talkative	1
tangentially	1
tantalized	1
tapaderos	1
tapping	1
target	1
targeted	1
tart	1
tates	1
tattled	1
taxied	1
taxiing	1
taylor	1
te	1
tea	1
teachable	1
teague	1
teams	1
tease	1
teases	1
technique	1
technology	1
teddy	1
teens	1
teeny	1
tejas	1
tejutla	1
tell--	1
temperature	1
temptation	1
ten-hour	1
tens	1
tension	1
tents	1
tenure	1
terminal	1
terrier	1
terrified	1
terror	1
tested	1
texas	1
that-	1
thea	1
theatres	1
then--	1
therapist	1
thereabouts	1
therefore	1
think-	1
thirteen	1
thirty-five	1
this-	1
thomasborough	1
thor	1
thorazine	1
thorpe	1
those--	1
thou	1
thoughts	1
threat	1
threatened	1
threatening	1
threatens	1
three-year	1
thrills	1
throbbing	1
throgs	1
throng	1
thumbnail	1
thumper	1
thumping	1
thunder	1
thus	1
tickle	1
tickled	1
tide	1
tidy	1
tiki	1
tilapia	1
tiles	1
timber	1
times-	1
timid	1
timothy	1
tin	1
tips	1
tis	1
tobacco-	1
toboggan	1
toes	1
tokalleka	1
tolkien	1
tomato-based	1
tomb	1
tomboyish	1
tommy	1
ton	1
tonya	1
too-	1
tool	1
tooling	1
topic	1
topics	1
torn	1
tornado	1
torrential	1
tortured	1
tots	1
touches	1
touchstone	1
tougher	1
tour	1
touring	1
tourism	1
tourists	1
tournament	1
toyed	1
toyland	1
trace	1
traction	1
tractor-trailer	1
trails	1
trained	1
tranquil	1
transaction	1
transactional	1
transcript	1
transferring	1
transformers	1
translated	1
translates	1
transmission	1
transmit	1
transmits	1
transmitting	1
transparent	1
transplants	1
traumatizing	1
travels	1
treasure	1
treasured	1
treasurers	1
treats	1
trends	1
trendy	1
trilogies	1
triumph	1
troop	1
trooper	1
trotted	1
troubles	1
truckers	1
trull	1
truman	1
trump	1
trusted	1
truthful	1
tryon	1
ts	1
tub	1
tube	1
tubes	1
turkey	1
turkeys	1
turmoil	1
turow	1
turpentine	1
tussle	1
tweetsie	1
twelve--	1
twentieth	1
twenty-fifth	1
twin	1
twinkly	1
twist-tie	1
twisted	1
twisting	1
twitty	1
two-bedroom	1
two-by-four	1
two-by-fours	1
two-lane	1
two-room	1
typing	1
u-	1
ugh	1
ugh-	1
ugh-ugh	1
ugliness	1
uh-oh	1
uh-uh	1
uhem	1
ultima	1
um-mm	1
umbrella	1
umm--	1
un	1
unable	1
unc	1
uncomfortable	1
unconscious	1
underdogs	1
underground	1
underlying	1
understandable	1
understands	1
understated	1
understood	1
undertones	1
underwent	1
undiagnosed	1
undone	1
unemotional	1
uneventful	1
unfair	1
unfairly	1
unfamiliar	1
unfolded	1
unfortunate	1
unfulfilled	1
unhook	1
uniforms	1
unionville	1
universe	1
unlike	1
unloaded	1
unmarked	1
unnecessarily	1
unnecessary	1
unpacked	1
unprofitable	1
unquote	1
unravel	1
unreal	1
unrealistic	1
unrolled	1
unstable	1
unsuited	1
unsure	1
untouchable	1
unwholesomeness	1
unwieldy	1
unwrap	1
up--	1
upcoming	1
update	1
updated	1
upkeep	1
upsetness	1
upsets	1
upside	1
us-	1
usage	1
uses	1
uterus	1
utilizing	1
uttered	1
uuuugggghhhh	1
vacations	1
vaccine	1
vacuum-proof	1
vagabonds	1
vague	1
vaguely	1
vain	1
valedictorian	1
valleys	1
valuables	1
values	1
valuing	1
valve	1
vampire	1
vanishing	1
varying	1
vault	1
vcrs	1
velvet	1
vendors	1
ventura	1
verbally	1
versa	1
verse	1
vertigo	1
vest	1
vet	1
vibe	1
vices	1
victory	1
video	1
videoed	1
videos	1
vie-	1
vienna	1
vineyard	1
violated	1
violinist	1
virtually	1
virtue	1
vision	1
visioning	1
visitor	1
visor	1
visual	1
vivid	1
vividly	1
vocal	1
vocals	1
vogue	1
voices	1
voicestart	1
void	1
volcancillo	1
volcano	1
voluminous	1
volunteer	1
volunteered	1
voter	1
vow	1
vowed	1
vows	1
vulgar	1
vulgarity	1
w-a-d-e-s-b-o-r-o	1
wachovia	1
wacs	1
wade	1
wading	1
wages	1
wagons	1
wailing	1
waist	1
waiter	1
waites	1
waitress	1
wakes	1
waking	1
wallace	1
wallpaper	1
walton	1
wannabe	1
warden	1
warily	1
warn	1
warned	1
warnings	1
warped	1
warren	1
wars	1
washerette	1
watches	1
water---	1
watercress	1
watershed	1
watership	1
waxed	1
we--	1
weakened	1
wealth	1
weapon	1
wears	1
weary	1
website	1
websites	1
webster	1
wednesday	1
wednesdays	1
weed	1
weeping	1
welfare	1
welfare-type	1
well-	1
well-connected	1
well-illustrated	1
well-off	1
well-recognized	1
well-reserved	1
well-thinking	1
well-written	1
wellington	1
wells	1
were-	1
werewolf	1
werth	1
westburg	1
western-type	1
westlawn	1
wh	1
wham	1
whatever--	1
wheat	1
wheelers	1
when-	1
where-	1
which--	1
whichever	1
whinnied	1
whippings	1
whips	1
whish	1
white-	1
whitefish	1
who--	1
whoo	1
whoopty	1
wi	1
wicked	1
widow	1
width	1
wildest	1
wildflowers	1
williams	1
willing	1
wilson	1
win	1
winding	1
windsong	1
winning	1
wins	1
wintertime	1
wisest	1
withdraw	1
withdrew	1
wither	1
wits	1
woe	1
wolfhound	1
wonderfully	1
wood-framed	1
wooh	1
word--	1
workings	1
workshops	1
worlds	1
worthington	1
would--	1
wouldn	1
wow--	1
wrap-around	1
wrapper	1
wrinkle	1
wrist	1
write--	1
writings	1
wuss	1
ww	1
x	1
yamaha	1
yankees	1
yarn	1
yea	1
yeah--	1
year--	1
yearly	1
yells	1
yesterday	1
yon	1
you-	1
your--	1
yuck	1
z	1
zack	1
zhivago	1
zoar	1
zoned	1
zora	1
zx	1
